Workbook

Sheet PIT Data
A1: Tag | B1: SRR Code | C1: Brood Year | D1: Migration Year | E1: Hatchery Name | F1: Stock | G1: Release Site | H1: Release Site Code | I1: Mark Conditional Comment | J1: Mark Weight | K1: Mark Length | L1: SbyC | M1: Expansion | N1: Ocean Age | O1: BO1 - Bonneville Bradford Is# Ladder | P1: BO2 - Bonneville Cascades Is# Ladder | Q1: BO3 - Bonneville WA Shore Ladder/AFF | R1: BO4 - Bonneville WA Ladder Slots | S1: TD1 - The Dalles East Fish Ladder | T1: TD2 - The Dalles North Fish Ladder | U1: MC1 - McNary Oregon Shore Ladder | V1: MC2 - McNary Washington Shore Ladder | W1: ICH - Ice Harbor Dam (Combined) | X1: LMA - Lower Monumental Adult Ladders | Y1: GOA - Little Goose Fish Ladder | Z1: GRA - Lower Granite Dam Adult | AA1: Obs Year | AB1: Jack/Adult | AC1: Release Group | AD1: Above_BON_Check | AE1: boncheck | AF1: Above_TD_Check | AG1: tdcheck | AH1: Above_MCN_Check | AI1: mcncheck | AJ1: Above_ICH_Check | AK1: ichcheck | AL1: Above_lma_check | AM1: lmaCheck | AN1: Above_GOA_Check | AO1: goaCheck | AP1: granncheck | AQ1: bon_mcn_convcheck | AR1: bon_ich_convcheck | AS1: bon_lwg_convcheck | AT1: BON_MCN_TrvTime | AU1: BON_ICH_TrvTime | AV1: BON_LWG_TrvTime | AW1: BONDATEJ | AX1: TDDATEJ | AY1: MCNDATEJ | AZ1: ICHDATEJ | BA1: LMADATEJ | BB1: GOADATEJ | BC1: LWGDATEJ | BD1: 91 | BE1: =+BD1+7 -> 98 | BF1: =+BE1+7 -> 105 | BG1: =+BF1+7 -> 112 | BH1: =+BG1+7 -> 119 | BI1: =+BH1+7 -> 126 | BJ1: =+BI1+7 -> 133 | BK1: =+BJ1+7 -> 140 | BL1: =+BK1+7 -> 147 | ... BR1: =+BQ1+7 -> 189 | BS1: 3/31 adj. | BT1: 4/7 adj. | BU1: 4/14 adj. | BV1: 4/21 adj. | BW1: 4/28 adj. | BX1: 5/5 adj. | BY1: 5/12 adj. | BZ1: 5/19 adj. | CA1: 5/26 adj. | CB1: 6/2 adj. | CC1: 6/9 adj. | CD1: 6/16 adj. | CE1: 6/23 adj. | CF1: 6/30 adj. | CG1: 7/7 adj. | CJ1: Lag Period Used in Conversion Rates (days) | CK1: 20
A2: 3DD.003E33B329 | B2: 12H | C2: 2023 | D2: 2025 | E2: McCall Hatchery | F2: SF SALMON | G2: KNOXB - Knox Bridge, SF Salmon River | H2: KNOXB | I2: AI CW | L2: RTR | M2: 1 | N2: 1 | O2: 46189 | S2: 46190 | U2: 46193 | W2: 46195 | X2: 46196 | Y2: 46197 | Z2: 46198 | AA2: 2026 | AB2: Jack | AC2: McCall-Integrated | AD2: =IF(COUNT(O2:Z2)>0,1,0) -> 1 | AE2: =IF(COUNT(O2:T2)>0,1,0) -> 1 | AF2: =IF(COUNT(S2:Z2)>0,1,0) -> 1 | AG2: =IF(COUNT(S2:T2)>0,1,0) -> 1 | AH2: =IF(COUNT(U2:Z2)>0,1,0) -> 1 | AI2: =IF(COUNT(U2:V2)>0,1,0) -> 1 | AJ2: =IF(COUNT(W2:Z2)>0,1,0) -> 1 | AK2: =IF(COUNT(W2)>0,1,0) -> 1 | AL2: =IF(COUNT(X2:Z2)>0,1,0) -> 1 | AM2: =IF(COUNT(X2)>0,1,0) -> 1 | AN2: =IF(COUNT(Y2:Z2)>0,1,0) -> 1 | AO2: =IF(COUNT(Y2)>0,1,0) -> 1 | AP2: =IF(COUNT(Z2)>0,1,0) -> 1 | AQ2: =IF(AE2+AI2>1,1,0) -> 1 | AR2: =IF(AE2+AK2>1,1,0) -> 1 | AS2: =IF(AP2+AE2>1,1,0) -> 1 | AT2: =IF(AQ2=1,MIN(U2:V2)-MIN(O2:T2),"na") -> 4 | AU2: =IF(AR2=1,MAX(W2)-MIN(O2:T2),"na") -> 6 | AV2: =IF(AS2=1,+Z2-MIN(O2:T2),"na") -> 9 | AW2: =IF(AE2>0,DATE(1900,MONTH(MIN(O2:T2)),DAY(MIN(O2:T2))),"na") -> 168 | AX2: =IF(AG2>0,DATE(1900,MONTH(MIN(S2:T2)),DAY(MIN(S2:T2))),"na") -> 169 | AY2: =IF(AI2>0,DATE(1900,MONTH(MIN(U2:V2)),DAY(MIN(U2:V2))),"na") -> 172 | AZ2: =IF(AK2>0,DATE(1900,MONTH(MIN(W2)),DAY(MIN(W2))),"na") -> 174 | BA2: =IF(AM2>0,DATE(1900,MONTH(MIN(X2)),DAY(MIN(X2))),"na") -> 175 | BB2: =IF(AO2>0,DATE(1900,MONTH(MIN(Y2)),DAY(MIN(Y2))),"na") -> 176 | BC2: =IF(AP2>0,DATE(1900,MONTH(Z2),DAY(Z2)),"na") -> 177 | BD2: =IF(BD$1-$AW2>$CK$1,1,0) -> 0 | BE2: =IF(BE$1-$AW2>$CK$1,1,0) -> 0 | BF2: =IF(BF$1-$AW2>$CK$1,1,0) -> 0 | BG2: =IF(BG$1-$AW2>$CK$1,1,0) -> 0 | BH2: =IF(BH$1-$AW2>$CK$1,1,0) -> 0 | BI2: =IF(BI$1-$AW2>$CK$1,1,0) -> 0 | BJ2: =IF(BJ$1-$AW2>$CK$1,1,0) -> 0 | BK2: =IF(BK$1-$AW2>$CK$1,1,0) -> 0 | ... BR2: =IF(BR$1-$AW2>$CK$1,1,0) -> 1 | BS2: =IF(AND(BD2=1,$AP2=1),1,0) -> 0 | BT2: =IF(AND(BE2=1,$AP2=1),1,0) -> 0 | BU2: =IF(AND(BF2=1,$AP2=1),1,0) -> 0 | BV2: =IF(AND(BG2=1,$AP2=1),1,0) -> 0 | BW2: =IF(AND(BH2=1,$AP2=1),1,0) -> 0 | BX2: =IF(AND(BI2=1,$AP2=1),1,0) -> 0 | BY2: =IF(AND(BJ2=1,$AP2=1),1,0) -> 0 | BZ2: =IF(AND(BK2=1,$AP2=1),1,0) -> 0 | ... CG2: =IF(AND(BR2=1,$AP2=1),1,0) -> 1
A3: 3DD.003E543B33 | B3: 11H | C3: 2023 | D3: 2025 | E3: Rapid River Hatchery | F3: RAPID RIVER | G3: RAPH - Rapid River Hatchery | H3: RAPH | I3: AD | L3: RAL | M3: 74.25 | N3: 1 | O3: 46146 | S3: 46148 | U3: 46152 | W3: 46153 | X3: 46154 | Y3: 46156 | Z3: 46157 | AA3: 2026 | AB3: Jack | AC3: Rapid River | AD3: =IF(COUNT(O3:Z3)>0,1,0) -> 1 | AE3: =IF(COUNT(O3:T3)>0,1,0) -> 1 | AF3: =IF(COUNT(S3:Z3)>0,1,0) -> 1 | AG3: =IF(COUNT(S3:T3)>0,1,0) -> 1 | AH3: =IF(COUNT(U3:Z3)>0,1,0) -> 1 | AI3: =IF(COUNT(U3:V3)>0,1,0) -> 1 | AJ3: =IF(COUNT(W3:Z3)>0,1,0) -> 1 | AK3: =IF(COUNT(W3)>0,1,0) -> 1 | AL3: =IF(COUNT(X3:Z3)>0,1,0) -> 1 | AM3: =IF(COUNT(X3)>0,1,0) -> 1 | AN3: =IF(COUNT(Y3:Z3)>0,1,0) -> 1 | AO3: =IF(COUNT(Y3)>0,1,0) -> 1 | AP3: =IF(COUNT(Z3)>0,1,0) -> 1 | AQ3: =IF(AE3+AI3>1,1,0) -> 1 | AR3: =IF(AE3+AK3>1,1,0) -> 1 | AS3: =IF(AP3+AE3>1,1,0) -> 1 | AT3: =IF(AQ3=1,MIN(U3:V3)-MIN(O3:T3),"na") -> 6 | AU3: =IF(AR3=1,MAX(W3)-MIN(O3:T3),"na") -> 7 | AV3: =IF(AS3=1,+Z3-MIN(O3:T3),"na") -> 11 | AW3: =IF(AE3>0,DATE(1900,MONTH(MIN(O3:T3)),DAY(MIN(O3:T3))),"na") -> 125 | AX3: =IF(AG3>0,DATE(1900,MONTH(MIN(S3:T3)),DAY(MIN(S3:T3))),"na") -> 127 | AY3: =IF(AI3>0,DATE(1900,MONTH(MIN(U3:V3)),DAY(MIN(U3:V3))),"na") -> 131 | AZ3: =IF(AK3>0,DATE(1900,MONTH(MIN(W3)),DAY(MIN(W3))),"na") -> 132 | BA3: =IF(AM3>0,DATE(1900,MONTH(MIN(X3)),DAY(MIN(X3))),"na") -> 133 | BB3: =IF(AO3>0,DATE(1900,MONTH(MIN(Y3)),DAY(MIN(Y3))),"na") -> 135 | BC3: =IF(AP3>0,DATE(1900,MONTH(Z3),DAY(Z3)),"na") -> 136 | BD3: =IF(BD$1-$AW3>$CK$1,1,0) -> 0 | BE3: =IF(BE$1-$AW3>$CK$1,1,0) -> 0 | BF3: =IF(BF$1-$AW3>$CK$1,1,0) -> 0 | BG3: =IF(BG$1-$AW3>$CK$1,1,0) -> 0 | BH3: =IF(BH$1-$AW3>$CK$1,1,0) -> 0 | BI3: =IF(BI$1-$AW3>$CK$1,1,0) -> 0 | BJ3: =IF(BJ$1-$AW3>$CK$1,1,0) -> 0 | BK3: =IF(BK$1-$AW3>$CK$1,1,0) -> 0 | ... BR3: =IF(BR$1-$AW3>$CK$1,1,0) -> 1 | BS3: =IF(AND(BD3=1,$AP3=1),1,0) -> 0 | BT3: =IF(AND(BE3=1,$AP3=1),1,0) -> 0 | BU3: =IF(AND(BF3=1,$AP3=1),1,0) -> 0 | BV3: =IF(AND(BG3=1,$AP3=1),1,0) -> 0 | BW3: =IF(AND(BH3=1,$AP3=1),1,0) -> 0 | BX3: =IF(AND(BI3=1,$AP3=1),1,0) -> 0 | BY3: =IF(AND(BJ3=1,$AP3=1),1,0) -> 0 | BZ3: =IF(AND(BK3=1,$AP3=1),1,0) -> 0 | ... CG3: =IF(AND(BR3=1,$AP3=1),1,0) -> 1
A4: 3DD.003E33F82D | B4: 11H | C4: 2023 | D4: 2025 | E4: Sawtooth Hatchery | F4: SALMON R | G4: SAWT - Sawtooth Hatchery | H4: SAWT | I4: AD | L4: RTR | M4: 1 | N4: 1 | Q4: 46200 | R4: 46200 | AA4: 2026 | AB4: Jack | AC4: Sawtooth-Segregated | AD4: =IF(COUNT(O4:Z4)>0,1,0) -> 1 | AE4: =IF(COUNT(O4:T4)>0,1,0) -> 1 | AF4: =IF(COUNT(S4:Z4)>0,1,0) -> 0 | AG4: =IF(COUNT(S4:T4)>0,1,0) -> 0 | AH4: =IF(COUNT(U4:Z4)>0,1,0) -> 0 | AI4: =IF(COUNT(U4:V4)>0,1,0) -> 0 | AJ4: =IF(COUNT(W4:Z4)>0,1,0) -> 0 | AK4: =IF(COUNT(W4)>0,1,0) -> 0 | AL4: =IF(COUNT(X4:Z4)>0,1,0) -> 0 | AM4: =IF(COUNT(X4)>0,1,0) -> 0 | AN4: =IF(COUNT(Y4:Z4)>0,1,0) -> 0 | AO4: =IF(COUNT(Y4)>0,1,0) -> 0 | AP4: =IF(COUNT(Z4)>0,1,0) -> 0 | AQ4: =IF(AE4+AI4>1,1,0) -> 0 | AR4: =IF(AE4+AK4>1,1,0) -> 0 | AS4: =IF(AP4+AE4>1,1,0) -> 0 | AT4: =IF(AQ4=1,MIN(U4:V4)-MIN(O4:T4),"na") -> na | AU4: =IF(AR4=1,MAX(W4)-MIN(O4:T4),"na") -> na | AV4: =IF(AS4=1,+Z4-MIN(O4:T4),"na") -> na | AW4: =IF(AE4>0,DATE(1900,MONTH(MIN(O4:T4)),DAY(MIN(O4:T4))),"na") -> 179 | AX4: =IF(AG4>0,DATE(1900,MONTH(MIN(S4:T4)),DAY(MIN(S4:T4))),"na") -> na | AY4: =IF(AI4>0,DATE(1900,MONTH(MIN(U4:V4)),DAY(MIN(U4:V4))),"na") -> na | AZ4: =IF(AK4>0,DATE(1900,MONTH(MIN(W4)),DAY(MIN(W4))),"na") -> na | BA4: =IF(AM4>0,DATE(1900,MONTH(MIN(X4)),DAY(MIN(X4))),"na") -> na | BB4: =IF(AO4>0,DATE(1900,MONTH(MIN(Y4)),DAY(MIN(Y4))),"na") -> na | BC4: =IF(AP4>0,DATE(1900,MONTH(Z4),DAY(Z4)),"na") -> na | BD4: =IF(BD$1-$AW4>$CK$1,1,0) -> 0 | BE4: =IF(BE$1-$AW4>$CK$1,1,0) -> 0 | BF4: =IF(BF$1-$AW4>$CK$1,1,0) -> 0 | BG4: =IF(BG$1-$AW4>$CK$1,1,0) -> 0 | BH4: =IF(BH$1-$AW4>$CK$1,1,0) -> 0 | BI4: =IF(BI$1-$AW4>$CK$1,1,0) -> 0 | BJ4: =IF(BJ$1-$AW4>$CK$1,1,0) -> 0 | BK4: =IF(BK$1-$AW4>$CK$1,1,0) -> 0 | ... BR4: =IF(BR$1-$AW4>$CK$1,1,0) -> 0 | BS4: =IF(AND(BD4=1,$AP4=1),1,0) -> 0 | BT4: =IF(AND(BE4=1,$AP4=1),1,0) -> 0 | BU4: =IF(AND(BF4=1,$AP4=1),1,0) -> 0 | BV4: =IF(AND(BG4=1,$AP4=1),1,0) -> 0 | BW4: =IF(AND(BH4=1,$AP4=1),1,0) -> 0 | BX4: =IF(AND(BI4=1,$AP4=1),1,0) -> 0 | BY4: =IF(AND(BJ4=1,$AP4=1),1,0) -> 0 | BZ4: =IF(AND(BK4=1,$AP4=1),1,0) -> 0 | ... CG4: =IF(AND(BR4=1,$AP4=1),1,0) -> 0
A5: 3DD.003E33ECC7 | B5: 11H | C5: 2023 | D5: 2025 | E5: Sawtooth Hatchery | F5: SALMON R | G5: SAWT - Sawtooth Hatchery | H5: SAWT | I5: AD | L5: RAL | M5: 127.9 | N5: 1 | Q5: 46196 | R5: 46196 | T5: 46198 | U5: 46201 | AA5: 2026 | AB5: Jack | AC5: Sawtooth-Segregated | AD5: =IF(COUNT(O5:Z5)>0,1,0) -> 1 | AE5: =IF(COUNT(O5:T5)>0,1,0) -> 1 | AF5: =IF(COUNT(S5:Z5)>0,1,0) -> 1 | AG5: =IF(COUNT(S5:T5)>0,1,0) -> 1 | AH5: =IF(COUNT(U5:Z5)>0,1,0) -> 1 | AI5: =IF(COUNT(U5:V5)>0,1,0) -> 1 | AJ5: =IF(COUNT(W5:Z5)>0,1,0) -> 0 | AK5: =IF(COUNT(W5)>0,1,0) -> 0 | AL5: =IF(COUNT(X5:Z5)>0,1,0) -> 0 | AM5: =IF(COUNT(X5)>0,1,0) -> 0 | AN5: =IF(COUNT(Y5:Z5)>0,1,0) -> 0 | AO5: =IF(COUNT(Y5)>0,1,0) -> 0 | AP5: =IF(COUNT(Z5)>0,1,0) -> 0 | AQ5: =IF(AE5+AI5>1,1,0) -> 1 | AR5: =IF(AE5+AK5>1,1,0) -> 0 | AS5: =IF(AP5+AE5>1,1,0) -> 0 | AT5: =IF(AQ5=1,MIN(U5:V5)-MIN(O5:T5),"na") -> 5 | AU5: =IF(AR5=1,MAX(W5)-MIN(O5:T5),"na") -> na | AV5: =IF(AS5=1,+Z5-MIN(O5:T5),"na") -> na | AW5: =IF(AE5>0,DATE(1900,MONTH(MIN(O5:T5)),DAY(MIN(O5:T5))),"na") -> 175 | AX5: =IF(AG5>0,DATE(1900,MONTH(MIN(S5:T5)),DAY(MIN(S5:T5))),"na") -> 177 | AY5: =IF(AI5>0,DATE(1900,MONTH(MIN(U5:V5)),DAY(MIN(U5:V5))),"na") -> 180 | AZ5: =IF(AK5>0,DATE(1900,MONTH(MIN(W5)),DAY(MIN(W5))),"na") -> na | BA5: =IF(AM5>0,DATE(1900,MONTH(MIN(X5)),DAY(MIN(X5))),"na") -> na | BB5: =IF(AO5>0,DATE(1900,MONTH(MIN(Y5)),DAY(MIN(Y5))),"na") -> na | BC5: =IF(AP5>0,DATE(1900,MONTH(Z5),DAY(Z5)),"na") -> na | BD5: =IF(BD$1-$AW5>$CK$1,1,0) -> 0 | BE5: =IF(BE$1-$AW5>$CK$1,1,0) -> 0 | BF5: =IF(BF$1-$AW5>$CK$1,1,0) -> 0 | BG5: =IF(BG$1-$AW5>$CK$1,1,0) -> 0 | BH5: =IF(BH$1-$AW5>$CK$1,1,0) -> 0 | BI5: =IF(BI$1-$AW5>$CK$1,1,0) -> 0 | BJ5: =IF(BJ$1-$AW5>$CK$1,1,0) -> 0 | BK5: =IF(BK$1-$AW5>$CK$1,1,0) -> 0 | ... BR5: =IF(BR$1-$AW5>$CK$1,1,0) -> 0 | BS5: =IF(AND(BD5=1,$AP5=1),1,0) -> 0 | BT5: =IF(AND(BE5=1,$AP5=1),1,0) -> 0 | BU5: =IF(AND(BF5=1,$AP5=1),1,0) -> 0 | BV5: =IF(AND(BG5=1,$AP5=1),1,0) -> 0 | BW5: =IF(AND(BH5=1,$AP5=1),1,0) -> 0 | BX5: =IF(AND(BI5=1,$AP5=1),1,0) -> 0 | BY5: =IF(AND(BJ5=1,$AP5=1),1,0) -> 0 | BZ5: =IF(AND(BK5=1,$AP5=1),1,0) -> 0 | ... CG5: =IF(AND(BR5=1,$AP5=1),1,0) -> 0
A6: 3DD.003E33CB9C | B6: 12H | C6: 2023 | D6: 2025 | E6: McCall Hatchery | F6: SF SALMON | G6: KNOXB - Knox Bridge, SF Salmon River | H6: KNOXB | I6: AI CW | L6: RAL | M6: 7.74 | N6: 1 | Q6: 46199 | R6: 46199 | S6: 46200 | AA6: 2026 | AB6: Jack | AC6: McCall-Integrated | AD6: =IF(COUNT(O6:Z6)>0,1,0) -> 1 | AE6: =IF(COUNT(O6:T6)>0,1,0) -> 1 | AF6: =IF(COUNT(S6:Z6)>0,1,0) -> 1 | AG6: =IF(COUNT(S6:T6)>0,1,0) -> 1 | AH6: =IF(COUNT(U6:Z6)>0,1,0) -> 0 | AI6: =IF(COUNT(U6:V6)>0,1,0) -> 0 | AJ6: =IF(COUNT(W6:Z6)>0,1,0) -> 0 | AK6: =IF(COUNT(W6)>0,1,0) -> 0 | AL6: =IF(COUNT(X6:Z6)>0,1,0) -> 0 | AM6: =IF(COUNT(X6)>0,1,0) -> 0 | AN6: =IF(COUNT(Y6:Z6)>0,1,0) -> 0 | AO6: =IF(COUNT(Y6)>0,1,0) -> 0 | AP6: =IF(COUNT(Z6)>0,1,0) -> 0 | AQ6: =IF(AE6+AI6>1,1,0) -> 0 | AR6: =IF(AE6+AK6>1,1,0) -> 0 | AS6: =IF(AP6+AE6>1,1,0) -> 0 | AT6: =IF(AQ6=1,MIN(U6:V6)-MIN(O6:T6),"na") -> na | AU6: =IF(AR6=1,MAX(W6)-MIN(O6:T6),"na") -> na | AV6: =IF(AS6=1,+Z6-MIN(O6:T6),"na") -> na | AW6: =IF(AE6>0,DATE(1900,MONTH(MIN(O6:T6)),DAY(MIN(O6:T6))),"na") -> 178 | AX6: =IF(AG6>0,DATE(1900,MONTH(MIN(S6:T6)),DAY(MIN(S6:T6))),"na") -> 179 | AY6: =IF(AI6>0,DATE(1900,MONTH(MIN(U6:V6)),DAY(MIN(U6:V6))),"na") -> na | AZ6: =IF(AK6>0,DATE(1900,MONTH(MIN(W6)),DAY(MIN(W6))),"na") -> na | BA6: =IF(AM6>0,DATE(1900,MONTH(MIN(X6)),DAY(MIN(X6))),"na") -> na | BB6: =IF(AO6>0,DATE(1900,MONTH(MIN(Y6)),DAY(MIN(Y6))),"na") -> na | BC6: =IF(AP6>0,DATE(1900,MONTH(Z6),DAY(Z6)),"na") -> na | BD6: =IF(BD$1-$AW6>$CK$1,1,0) -> 0 | BE6: =IF(BE$1-$AW6>$CK$1,1,0) -> 0 | BF6: =IF(BF$1-$AW6>$CK$1,1,0) -> 0 | BG6: =IF(BG$1-$AW6>$CK$1,1,0) -> 0 | BH6: =IF(BH$1-$AW6>$CK$1,1,0) -> 0 | BI6: =IF(BI$1-$AW6>$CK$1,1,0) -> 0 | BJ6: =IF(BJ$1-$AW6>$CK$1,1,0) -> 0 | BK6: =IF(BK$1-$AW6>$CK$1,1,0) -> 0 | ... BR6: =IF(BR$1-$AW6>$CK$1,1,0) -> 0 | BS6: =IF(AND(BD6=1,$AP6=1),1,0) -> 0 | BT6: =IF(AND(BE6=1,$AP6=1),1,0) -> 0 | BU6: =IF(AND(BF6=1,$AP6=1),1,0) -> 0 | BV6: =IF(AND(BG6=1,$AP6=1),1,0) -> 0 | BW6: =IF(AND(BH6=1,$AP6=1),1,0) -> 0 | BX6: =IF(AND(BI6=1,$AP6=1),1,0) -> 0 | BY6: =IF(AND(BJ6=1,$AP6=1),1,0) -> 0 | BZ6: =IF(AND(BK6=1,$AP6=1),1,0) -> 0 | ... CG6: =IF(AND(BR6=1,$AP6=1),1,0) -> 0
A7: 3DD.003E33C823 | B7: 12H | C7: 2023 | D7: 2025 | E7: McCall Hatchery | F7: SF SALMON | G7: KNOXB - Knox Bridge, SF Salmon River | H7: KNOXB | I7: AI CW | L7: RAL | M7: 7.74 | N7: 1 | P7: 46178 | R7: 46178 | S7: 46180 | U7: 46184 | W7: 46185 | X7: 46186 | Y7: 46187 | Z7: 46188 | AA7: 2026 | AB7: Jack | AC7: McCall-Integrated | AD7: =IF(COUNT(O7:Z7)>0,1,0) -> 1 | AE7: =IF(COUNT(O7:T7)>0,1,0) -> 1 | AF7: =IF(COUNT(S7:Z7)>0,1,0) -> 1 | AG7: =IF(COUNT(S7:T7)>0,1,0) -> 1 | AH7: =IF(COUNT(U7:Z7)>0,1,0) -> 1 | AI7: =IF(COUNT(U7:V7)>0,1,0) -> 1 | AJ7: =IF(COUNT(W7:Z7)>0,1,0) -> 1 | AK7: =IF(COUNT(W7)>0,1,0) -> 1 | AL7: =IF(COUNT(X7:Z7)>0,1,0) -> 1 | AM7: =IF(COUNT(X7)>0,1,0) -> 1 | AN7: =IF(COUNT(Y7:Z7)>0,1,0) -> 1 | AO7: =IF(COUNT(Y7)>0,1,0) -> 1 | AP7: =IF(COUNT(Z7)>0,1,0) -> 1 | AQ7: =IF(AE7+AI7>1,1,0) -> 1 | AR7: =IF(AE7+AK7>1,1,0) -> 1 | AS7: =IF(AP7+AE7>1,1,0) -> 1 | AT7: =IF(AQ7=1,MIN(U7:V7)-MIN(O7:T7),"na") -> 6 | AU7: =IF(AR7=1,MAX(W7)-MIN(O7:T7),"na") -> 7 | AV7: =IF(AS7=1,+Z7-MIN(O7:T7),"na") -> 10 | AW7: =IF(AE7>0,DATE(1900,MONTH(MIN(O7:T7)),DAY(MIN(O7:T7))),"na") -> 157 | AX7: =IF(AG7>0,DATE(1900,MONTH(MIN(S7:T7)),DAY(MIN(S7:T7))),"na") -> 159 | AY7: =IF(AI7>0,DATE(1900,MONTH(MIN(U7:V7)),DAY(MIN(U7:V7))),"na") -> 163 | AZ7: =IF(AK7>0,DATE(1900,MONTH(MIN(W7)),DAY(MIN(W7))),"na") -> 164 | BA7: =IF(AM7>0,DATE(1900,MONTH(MIN(X7)),DAY(MIN(X7))),"na") -> 165 | BB7: =IF(AO7>0,DATE(1900,MONTH(MIN(Y7)),DAY(MIN(Y7))),"na") -> 166 | BC7: =IF(AP7>0,DATE(1900,MONTH(Z7),DAY(Z7)),"na") -> 167 | BD7: =IF(BD$1-$AW7>$CK$1,1,0) -> 0 | BE7: =IF(BE$1-$AW7>$CK$1,1,0) -> 0 | BF7: =IF(BF$1-$AW7>$CK$1,1,0) -> 0 | BG7: =IF(BG$1-$AW7>$CK$1,1,0) -> 0 | BH7: =IF(BH$1-$AW7>$CK$1,1,0) -> 0 | BI7: =IF(BI$1-$AW7>$CK$1,1,0) -> 0 | BJ7: =IF(BJ$1-$AW7>$CK$1,1,0) -> 0 | BK7: =IF(BK$1-$AW7>$CK$1,1,0) -> 0 | ... BR7: =IF(BR$1-$AW7>$CK$1,1,0) -> 1 | BS7: =IF(AND(BD7=1,$AP7=1),1,0) -> 0 | BT7: =IF(AND(BE7=1,$AP7=1),1,0) -> 0 | BU7: =IF(AND(BF7=1,$AP7=1),1,0) -> 0 | BV7: =IF(AND(BG7=1,$AP7=1),1,0) -> 0 | BW7: =IF(AND(BH7=1,$AP7=1),1,0) -> 0 | BX7: =IF(AND(BI7=1,$AP7=1),1,0) -> 0 | BY7: =IF(AND(BJ7=1,$AP7=1),1,0) -> 0 | BZ7: =IF(AND(BK7=1,$AP7=1),1,0) -> 0 | ... CG7: =IF(AND(BR7=1,$AP7=1),1,0) -> 1
A8: 3DD.003E349FFF | B8: 12H | C8: 2023 | D8: 2025 | E8: McCall Hatchery | F8: SF SALMON | G8: KNOXB - Knox Bridge, SF Salmon River | H8: KNOXB | I8: AD | L8: RAL | M8: 50.77 | N8: 1 | P8: 46199 | R8: 46199 | S8: 46200 | AA8: 2026 | AB8: Jack | AC8: McCall-Segregated | AD8: =IF(COUNT(O8:Z8)>0,1,0) -> 1 | AE8: =IF(COUNT(O8:T8)>0,1,0) -> 1 | AF8: =IF(COUNT(S8:Z8)>0,1,0) -> 1 | AG8: =IF(COUNT(S8:T8)>0,1,0) -> 1 | AH8: =IF(COUNT(U8:Z8)>0,1,0) -> 0 | AI8: =IF(COUNT(U8:V8)>0,1,0) -> 0 | AJ8: =IF(COUNT(W8:Z8)>0,1,0) -> 0 | AK8: =IF(COUNT(W8)>0,1,0) -> 0 | AL8: =IF(COUNT(X8:Z8)>0,1,0) -> 0 | AM8: =IF(COUNT(X8)>0,1,0) -> 0 | AN8: =IF(COUNT(Y8:Z8)>0,1,0) -> 0 | AO8: =IF(COUNT(Y8)>0,1,0) -> 0 | AP8: =IF(COUNT(Z8)>0,1,0) -> 0 | AQ8: =IF(AE8+AI8>1,1,0) -> 0 | AR8: =IF(AE8+AK8>1,1,0) -> 0 | AS8: =IF(AP8+AE8>1,1,0) -> 0 | AT8: =IF(AQ8=1,MIN(U8:V8)-MIN(O8:T8),"na") -> na | AU8: =IF(AR8=1,MAX(W8)-MIN(O8:T8),"na") -> na | AV8: =IF(AS8=1,+Z8-MIN(O8:T8),"na") -> na | AW8: =IF(AE8>0,DATE(1900,MONTH(MIN(O8:T8)),DAY(MIN(O8:T8))),"na") -> 178 | AX8: =IF(AG8>0,DATE(1900,MONTH(MIN(S8:T8)),DAY(MIN(S8:T8))),"na") -> 179 | AY8: =IF(AI8>0,DATE(1900,MONTH(MIN(U8:V8)),DAY(MIN(U8:V8))),"na") -> na | AZ8: =IF(AK8>0,DATE(1900,MONTH(MIN(W8)),DAY(MIN(W8))),"na") -> na | BA8: =IF(AM8>0,DATE(1900,MONTH(MIN(X8)),DAY(MIN(X8))),"na") -> na | BB8: =IF(AO8>0,DATE(1900,MONTH(MIN(Y8)),DAY(MIN(Y8))),"na") -> na | BC8: =IF(AP8>0,DATE(1900,MONTH(Z8),DAY(Z8)),"na") -> na | BD8: =IF(BD$1-$AW8>$CK$1,1,0) -> 0 | BE8: =IF(BE$1-$AW8>$CK$1,1,0) -> 0 | BF8: =IF(BF$1-$AW8>$CK$1,1,0) -> 0 | BG8: =IF(BG$1-$AW8>$CK$1,1,0) -> 0 | BH8: =IF(BH$1-$AW8>$CK$1,1,0) -> 0 | BI8: =IF(BI$1-$AW8>$CK$1,1,0) -> 0 | BJ8: =IF(BJ$1-$AW8>$CK$1,1,0) -> 0 | BK8: =IF(BK$1-$AW8>$CK$1,1,0) -> 0 | ... BR8: =IF(BR$1-$AW8>$CK$1,1,0) -> 0 | BS8: =IF(AND(BD8=1,$AP8=1),1,0) -> 0 | BT8: =IF(AND(BE8=1,$AP8=1),1,0) -> 0 | BU8: =IF(AND(BF8=1,$AP8=1),1,0) -> 0 | BV8: =IF(AND(BG8=1,$AP8=1),1,0) -> 0 | BW8: =IF(AND(BH8=1,$AP8=1),1,0) -> 0 | BX8: =IF(AND(BI8=1,$AP8=1),1,0) -> 0 | BY8: =IF(AND(BJ8=1,$AP8=1),1,0) -> 0 | BZ8: =IF(AND(BK8=1,$AP8=1),1,0) -> 0 | ... CG8: =IF(AND(BR8=1,$AP8=1),1,0) -> 0
A9: 3DD.003E33BAF0 | B9: 12H | C9: 2023 | D9: 2025 | E9: McCall Hatchery | F9: SF SALMON | G9: KNOXB - Knox Bridge, SF Salmon River | H9: KNOXB | I9: AI CW | L9: RTR | M9: 1 | N9: 1 | O9: 46179 | S9: 46181 | U9: 46185 | W9: 46187 | X9: 46188 | Y9: 46189 | Z9: 46190 | AA9: 2026 | AB9: Jack | AC9: McCall-Integrated | AD9: =IF(COUNT(O9:Z9)>0,1,0) -> 1 | AE9: =IF(COUNT(O9:T9)>0,1,0) -> 1 | AF9: =IF(COUNT(S9:Z9)>0,1,0) -> 1 | AG9: =IF(COUNT(S9:T9)>0,1,0) -> 1 | AH9: =IF(COUNT(U9:Z9)>0,1,0) -> 1 | AI9: =IF(COUNT(U9:V9)>0,1,0) -> 1 | AJ9: =IF(COUNT(W9:Z9)>0,1,0) -> 1 | AK9: =IF(COUNT(W9)>0,1,0) -> 1 | AL9: =IF(COUNT(X9:Z9)>0,1,0) -> 1 | AM9: =IF(COUNT(X9)>0,1,0) -> 1 | AN9: =IF(COUNT(Y9:Z9)>0,1,0) -> 1 | AO9: =IF(COUNT(Y9)>0,1,0) -> 1 | AP9: =IF(COUNT(Z9)>0,1,0) -> 1 | AQ9: =IF(AE9+AI9>1,1,0) -> 1 | AR9: =IF(AE9+AK9>1,1,0) -> 1 | AS9: =IF(AP9+AE9>1,1,0) -> 1 | AT9: =IF(AQ9=1,MIN(U9:V9)-MIN(O9:T9),"na") -> 6 | AU9: =IF(AR9=1,MAX(W9)-MIN(O9:T9),"na") -> 8 | AV9: =IF(AS9=1,+Z9-MIN(O9:T9),"na") -> 11 | AW9: =IF(AE9>0,DATE(1900,MONTH(MIN(O9:T9)),DAY(MIN(O9:T9))),"na") -> 158 | AX9: =IF(AG9>0,DATE(1900,MONTH(MIN(S9:T9)),DAY(MIN(S9:T9))),"na") -> 160 | AY9: =IF(AI9>0,DATE(1900,MONTH(MIN(U9:V9)),DAY(MIN(U9:V9))),"na") -> 164 | AZ9: =IF(AK9>0,DATE(1900,MONTH(MIN(W9)),DAY(MIN(W9))),"na") -> 166 | BA9: =IF(AM9>0,DATE(1900,MONTH(MIN(X9)),DAY(MIN(X9))),"na") -> 167 | BB9: =IF(AO9>0,DATE(1900,MONTH(MIN(Y9)),DAY(MIN(Y9))),"na") -> 168 | BC9: =IF(AP9>0,DATE(1900,MONTH(Z9),DAY(Z9)),"na") -> 169 | BD9: =IF(BD$1-$AW9>$CK$1,1,0) -> 0 | BE9: =IF(BE$1-$AW9>$CK$1,1,0) -> 0 | BF9: =IF(BF$1-$AW9>$CK$1,1,0) -> 0 | BG9: =IF(BG$1-$AW9>$CK$1,1,0) -> 0 | BH9: =IF(BH$1-$AW9>$CK$1,1,0) -> 0 | BI9: =IF(BI$1-$AW9>$CK$1,1,0) -> 0 | BJ9: =IF(BJ$1-$AW9>$CK$1,1,0) -> 0 | BK9: =IF(BK$1-$AW9>$CK$1,1,0) -> 0 | ... BR9: =IF(BR$1-$AW9>$CK$1,1,0) -> 1 | BS9: =IF(AND(BD9=1,$AP9=1),1,0) -> 0 | BT9: =IF(AND(BE9=1,$AP9=1),1,0) -> 0 | BU9: =IF(AND(BF9=1,$AP9=1),1,0) -> 0 | BV9: =IF(AND(BG9=1,$AP9=1),1,0) -> 0 | BW9: =IF(AND(BH9=1,$AP9=1),1,0) -> 0 | BX9: =IF(AND(BI9=1,$AP9=1),1,0) -> 0 | BY9: =IF(AND(BJ9=1,$AP9=1),1,0) -> 0 | BZ9: =IF(AND(BK9=1,$AP9=1),1,0) -> 0 | ... CG9: =IF(AND(BR9=1,$AP9=1),1,0) -> 1
A10: 3DD.003E34A1E7 | B10: 12H | C10: 2023 | D10: 2025 | E10: McCall Hatchery | F10: SF SALMON | G10: KNOXB - Knox Bridge, SF Salmon River | H10: KNOXB | I10: AD | L10: RAL | M10: 50.77 | N10: 1 | O10: 46161 | S10: 46162 | U10: 46165 | W10: 46168 | X10: 46169 | Y10: 46170 | Z10: 46171 | AA10: 2026 | AB10: Jack | AC10: McCall-Segregated | AD10: =IF(COUNT(O10:Z10)>0,1,0) -> 1 | AE10: =IF(COUNT(O10:T10)>0,1,0) -> 1 | AF10: =IF(COUNT(S10:Z10)>0,1,0) -> 1 | AG10: =IF(COUNT(S10:T10)>0,1,0) -> 1 | AH10: =IF(COUNT(U10:Z10)>0,1,0) -> 1 | AI10: =IF(COUNT(U10:V10)>0,1,0) -> 1 | AJ10: =IF(COUNT(W10:Z10)>0,1,0) -> 1 | AK10: =IF(COUNT(W10)>0,1,0) -> 1 | AL10: =IF(COUNT(X10:Z10)>0,1,0) -> 1 | AM10: =IF(COUNT(X10)>0,1,0) -> 1 | AN10: =IF(COUNT(Y10:Z10)>0,1,0) -> 1 | AO10: =IF(COUNT(Y10)>0,1,0) -> 1 | AP10: =IF(COUNT(Z10)>0,1,0) -> 1 | AQ10: =IF(AE10+AI10>1,1,0) -> 1 | AR10: =IF(AE10+AK10>1,1,0) -> 1 | AS10: =IF(AP10+AE10>1,1,0) -> 1 | AT10: =IF(AQ10=1,MIN(U10:V10)-MIN(O10:T10),"na") -> 4 | AU10: =IF(AR10=1,MAX(W10)-MIN(O10:T10),"na") -> 7 | AV10: =IF(AS10=1,+Z10-MIN(O10:T10),"na") -> 10 | AW10: =IF(AE10>0,DATE(1900,MONTH(MIN(O10:T10)),DAY(MIN(O10:T10))),"na") -> 140 | AX10: =IF(AG10>0,DATE(1900,MONTH(MIN(S10:T10)),DAY(MIN(S10:T10))),"na") -> 141 | AY10: =IF(AI10>0,DATE(1900,MONTH(MIN(U10:V10)),DAY(MIN(U10:V10))),"na") -> 144 | AZ10: =IF(AK10>0,DATE(1900,MONTH(MIN(W10)),DAY(MIN(W10))),"na") -> 147 | BA10: =IF(AM10>0,DATE(1900,MONTH(MIN(X10)),DAY(MIN(X10))),"na") -> 148 | BB10: =IF(AO10>0,DATE(1900,MONTH(MIN(Y10)),DAY(MIN(Y10))),"na") -> 149 | BC10: =IF(AP10>0,DATE(1900,MONTH(Z10),DAY(Z10)),"na") -> 150 | BD10: =IF(BD$1-$AW10>$CK$1,1,0) -> 0 | BE10: =IF(BE$1-$AW10>$CK$1,1,0) -> 0 | BF10: =IF(BF$1-$AW10>$CK$1,1,0) -> 0 | BG10: =IF(BG$1-$AW10>$CK$1,1,0) -> 0 | BH10: =IF(BH$1-$AW10>$CK$1,1,0) -> 0 | BI10: =IF(BI$1-$AW10>$CK$1,1,0) -> 0 | BJ10: =IF(BJ$1-$AW10>$CK$1,1,0) -> 0 | BK10: =IF(BK$1-$AW10>$CK$1,1,0) -> 0 | ... BR10: =IF(BR$1-$AW10>$CK$1,1,0) -> 1 | BS10: =IF(AND(BD10=1,$AP10=1),1,0) -> 0 | BT10: =IF(AND(BE10=1,$AP10=1),1,0) -> 0 | BU10: =IF(AND(BF10=1,$AP10=1),1,0) -> 0 | BV10: =IF(AND(BG10=1,$AP10=1),1,0) -> 0 | BW10: =IF(AND(BH10=1,$AP10=1),1,0) -> 0 | BX10: =IF(AND(BI10=1,$AP10=1),1,0) -> 0 | BY10: =IF(AND(BJ10=1,$AP10=1),1,0) -> 0 | BZ10: =IF(AND(BK10=1,$AP10=1),1,0) -> 0 | ... CG10: =IF(AND(BR10=1,$AP10=1),1,0) -> 1
A11: 3DD.003E33B097 | B11: 12H | C11: 2023 | D11: 2025 | E11: McCall Hatchery | F11: SF SALMON | G11: KNOXB - Knox Bridge, SF Salmon River | H11: KNOXB | I11: AI CW | L11: RAL | M11: 7.74 | N11: 1 | Q11: 46172 | R11: 46172 | S11: 46174 | U11: 46177 | W11: 46178 | X11: 46179 | Y11: 46180 | Z11: 46181 | AA11: 2026 | AB11: Jack | AC11: McCall-Integrated | AD11: =IF(COUNT(O11:Z11)>0,1,0) -> 1 | AE11: =IF(COUNT(O11:T11)>0,1,0) -> 1 | AF11: =IF(COUNT(S11:Z11)>0,1,0) -> 1 | AG11: =IF(COUNT(S11:T11)>0,1,0) -> 1 | AH11: =IF(COUNT(U11:Z11)>0,1,0) -> 1 | AI11: =IF(COUNT(U11:V11)>0,1,0) -> 1 | AJ11: =IF(COUNT(W11:Z11)>0,1,0) -> 1 | AK11: =IF(COUNT(W11)>0,1,0) -> 1 | AL11: =IF(COUNT(X11:Z11)>0,1,0) -> 1 | AM11: =IF(COUNT(X11)>0,1,0) -> 1 | AN11: =IF(COUNT(Y11:Z11)>0,1,0) -> 1 | AO11: =IF(COUNT(Y11)>0,1,0) -> 1 | AP11: =IF(COUNT(Z11)>0,1,0) -> 1 | AQ11: =IF(AE11+AI11>1,1,0) -> 1 | AR11: =IF(AE11+AK11>1,1,0) -> 1 | AS11: =IF(AP11+AE11>1,1,0) -> 1 | AT11: =IF(AQ11=1,MIN(U11:V11)-MIN(O11:T11),"na") -> 5 | AU11: =IF(AR11=1,MAX(W11)-MIN(O11:T11),"na") -> 6 | AV11: =IF(AS11=1,+Z11-MIN(O11:T11),"na") -> 9 | AW11: =IF(AE11>0,DATE(1900,MONTH(MIN(O11:T11)),DAY(MIN(O11:T11))),"na") -> 151 | AX11: =IF(AG11>0,DATE(1900,MONTH(MIN(S11:T11)),DAY(MIN(S11:T11))),"na") -> 153 | AY11: =IF(AI11>0,DATE(1900,MONTH(MIN(U11:V11)),DAY(MIN(U11:V11))),"na") -> 156 | AZ11: =IF(AK11>0,DATE(1900,MONTH(MIN(W11)),DAY(MIN(W11))),"na") -> 157 | BA11: =IF(AM11>0,DATE(1900,MONTH(MIN(X11)),DAY(MIN(X11))),"na") -> 158 | BB11: =IF(AO11>0,DATE(1900,MONTH(MIN(Y11)),DAY(MIN(Y11))),"na") -> 159 | BC11: =IF(AP11>0,DATE(1900,MONTH(Z11),DAY(Z11)),"na") -> 160 | BD11: =IF(BD$1-$AW11>$CK$1,1,0) -> 0 | BE11: =IF(BE$1-$AW11>$CK$1,1,0) -> 0 | BF11: =IF(BF$1-$AW11>$CK$1,1,0) -> 0 | BG11: =IF(BG$1-$AW11>$CK$1,1,0) -> 0 | BH11: =IF(BH$1-$AW11>$CK$1,1,0) -> 0 | BI11: =IF(BI$1-$AW11>$CK$1,1,0) -> 0 | BJ11: =IF(BJ$1-$AW11>$CK$1,1,0) -> 0 | BK11: =IF(BK$1-$AW11>$CK$1,1,0) -> 0 | ... BR11: =IF(BR$1-$AW11>$CK$1,1,0) -> 1 | BS11: =IF(AND(BD11=1,$AP11=1),1,0) -> 0 | BT11: =IF(AND(BE11=1,$AP11=1),1,0) -> 0 | BU11: =IF(AND(BF11=1,$AP11=1),1,0) -> 0 | BV11: =IF(AND(BG11=1,$AP11=1),1,0) -> 0 | BW11: =IF(AND(BH11=1,$AP11=1),1,0) -> 0 | BX11: =IF(AND(BI11=1,$AP11=1),1,0) -> 0 | BY11: =IF(AND(BJ11=1,$AP11=1),1,0) -> 0 | BZ11: =IF(AND(BK11=1,$AP11=1),1,0) -> 0 | ... CG11: =IF(AND(BR11=1,$AP11=1),1,0) -> 1
A12: 3DD.003E33ABE6 | B12: 12H | C12: 2023 | D12: 2025 | E12: McCall Hatchery | F12: SF SALMON | G12: KNOXB - Knox Bridge, SF Salmon River | H12: KNOXB | I12: AI CW | L12: RTR | M12: 1 | N12: 1 | R12: 46187 | AA12: 2026 | AB12: Jack | AC12: McCall-Integrated | AD12: =IF(COUNT(O12:Z12)>0,1,0) -> 1 | AE12: =IF(COUNT(O12:T12)>0,1,0) -> 1 | AF12: =IF(COUNT(S12:Z12)>0,1,0) -> 0 | AG12: =IF(COUNT(S12:T12)>0,1,0) -> 0 | AH12: =IF(COUNT(U12:Z12)>0,1,0) -> 0 | AI12: =IF(COUNT(U12:V12)>0,1,0) -> 0 | AJ12: =IF(COUNT(W12:Z12)>0,1,0) -> 0 | AK12: =IF(COUNT(W12)>0,1,0) -> 0 | AL12: =IF(COUNT(X12:Z12)>0,1,0) -> 0 | AM12: =IF(COUNT(X12)>0,1,0) -> 0 | AN12: =IF(COUNT(Y12:Z12)>0,1,0) -> 0 | AO12: =IF(COUNT(Y12)>0,1,0) -> 0 | AP12: =IF(COUNT(Z12)>0,1,0) -> 0 | AQ12: =IF(AE12+AI12>1,1,0) -> 0 | AR12: =IF(AE12+AK12>1,1,0) -> 0 | AS12: =IF(AP12+AE12>1,1,0) -> 0 | AT12: =IF(AQ12=1,MIN(U12:V12)-MIN(O12:T12),"na") -> na | AU12: =IF(AR12=1,MAX(W12)-MIN(O12:T12),"na") -> na | AV12: =IF(AS12=1,+Z12-MIN(O12:T12),"na") -> na | AW12: =IF(AE12>0,DATE(1900,MONTH(MIN(O12:T12)),DAY(MIN(O12:T12))),"na") -> 166 | AX12: =IF(AG12>0,DATE(1900,MONTH(MIN(S12:T12)),DAY(MIN(S12:T12))),"na") -> na | AY12: =IF(AI12>0,DATE(1900,MONTH(MIN(U12:V12)),DAY(MIN(U12:V12))),"na") -> na | AZ12: =IF(AK12>0,DATE(1900,MONTH(MIN(W12)),DAY(MIN(W12))),"na") -> na | BA12: =IF(AM12>0,DATE(1900,MONTH(MIN(X12)),DAY(MIN(X12))),"na") -> na | BB12: =IF(AO12>0,DATE(1900,MONTH(MIN(Y12)),DAY(MIN(Y12))),"na") -> na | BC12: =IF(AP12>0,DATE(1900,MONTH(Z12),DAY(Z12)),"na") -> na | BD12: =IF(BD$1-$AW12>$CK$1,1,0) -> 0 | BE12: =IF(BE$1-$AW12>$CK$1,1,0) -> 0 | BF12: =IF(BF$1-$AW12>$CK$1,1,0) -> 0 | BG12: =IF(BG$1-$AW12>$CK$1,1,0) -> 0 | BH12: =IF(BH$1-$AW12>$CK$1,1,0) -> 0 | BI12: =IF(BI$1-$AW12>$CK$1,1,0) -> 0 | BJ12: =IF(BJ$1-$AW12>$CK$1,1,0) -> 0 | BK12: =IF(BK$1-$AW12>$CK$1,1,0) -> 0 | ... BR12: =IF(BR$1-$AW12>$CK$1,1,0) -> 1 | BS12: =IF(AND(BD12=1,$AP12=1),1,0) -> 0 | BT12: =IF(AND(BE12=1,$AP12=1),1,0) -> 0 | BU12: =IF(AND(BF12=1,$AP12=1),1,0) -> 0 | BV12: =IF(AND(BG12=1,$AP12=1),1,0) -> 0 | BW12: =IF(AND(BH12=1,$AP12=1),1,0) -> 0 | BX12: =IF(AND(BI12=1,$AP12=1),1,0) -> 0 | BY12: =IF(AND(BJ12=1,$AP12=1),1,0) -> 0 | BZ12: =IF(AND(BK12=1,$AP12=1),1,0) -> 0 | ... CG12: =IF(AND(BR12=1,$AP12=1),1,0) -> 0
A13: 3DD.003E33A7F4 | B13: 12H | C13: 2023 | D13: 2025 | E13: McCall Hatchery | F13: SF SALMON | G13: KNOXB - Knox Bridge, SF Salmon River | H13: KNOXB | I13: AI CW | L13: RAL | M13: 7.74 | N13: 1 | O13: 46198 | S13: 46199 | AA13: 2026 | AB13: Jack | AC13: McCall-Integrated | AD13: =IF(COUNT(O13:Z13)>0,1,0) -> 1 | AE13: =IF(COUNT(O13:T13)>0,1,0) -> 1 | AF13: =IF(COUNT(S13:Z13)>0,1,0) -> 1 | AG13: =IF(COUNT(S13:T13)>0,1,0) -> 1 | AH13: =IF(COUNT(U13:Z13)>0,1,0) -> 0 | AI13: =IF(COUNT(U13:V13)>0,1,0) -> 0 | AJ13: =IF(COUNT(W13:Z13)>0,1,0) -> 0 | AK13: =IF(COUNT(W13)>0,1,0) -> 0 | AL13: =IF(COUNT(X13:Z13)>0,1,0) -> 0 | AM13: =IF(COUNT(X13)>0,1,0) -> 0 | AN13: =IF(COUNT(Y13:Z13)>0,1,0) -> 0 | AO13: =IF(COUNT(Y13)>0,1,0) -> 0 | AP13: =IF(COUNT(Z13)>0,1,0) -> 0 | AQ13: =IF(AE13+AI13>1,1,0) -> 0 | AR13: =IF(AE13+AK13>1,1,0) -> 0 | AS13: =IF(AP13+AE13>1,1,0) -> 0 | AT13: =IF(AQ13=1,MIN(U13:V13)-MIN(O13:T13),"na") -> na | AU13: =IF(AR13=1,MAX(W13)-MIN(O13:T13),"na") -> na | AV13: =IF(AS13=1,+Z13-MIN(O13:T13),"na") -> na | AW13: =IF(AE13>0,DATE(1900,MONTH(MIN(O13:T13)),DAY(MIN(O13:T13))),"na") -> 177 | AX13: =IF(AG13>0,DATE(1900,MONTH(MIN(S13:T13)),DAY(MIN(S13:T13))),"na") -> 178 | AY13: =IF(AI13>0,DATE(1900,MONTH(MIN(U13:V13)),DAY(MIN(U13:V13))),"na") -> na | AZ13: =IF(AK13>0,DATE(1900,MONTH(MIN(W13)),DAY(MIN(W13))),"na") -> na | BA13: =IF(AM13>0,DATE(1900,MONTH(MIN(X13)),DAY(MIN(X13))),"na") -> na | BB13: =IF(AO13>0,DATE(1900,MONTH(MIN(Y13)),DAY(MIN(Y13))),"na") -> na | BC13: =IF(AP13>0,DATE(1900,MONTH(Z13),DAY(Z13)),"na") -> na | BD13: =IF(BD$1-$AW13>$CK$1,1,0) -> 0 | BE13: =IF(BE$1-$AW13>$CK$1,1,0) -> 0 | BF13: =IF(BF$1-$AW13>$CK$1,1,0) -> 0 | BG13: =IF(BG$1-$AW13>$CK$1,1,0) -> 0 | BH13: =IF(BH$1-$AW13>$CK$1,1,0) -> 0 | BI13: =IF(BI$1-$AW13>$CK$1,1,0) -> 0 | BJ13: =IF(BJ$1-$AW13>$CK$1,1,0) -> 0 | BK13: =IF(BK$1-$AW13>$CK$1,1,0) -> 0 | ... BR13: =IF(BR$1-$AW13>$CK$1,1,0) -> 0 | BS13: =IF(AND(BD13=1,$AP13=1),1,0) -> 0 | BT13: =IF(AND(BE13=1,$AP13=1),1,0) -> 0 | BU13: =IF(AND(BF13=1,$AP13=1),1,0) -> 0 | BV13: =IF(AND(BG13=1,$AP13=1),1,0) -> 0 | BW13: =IF(AND(BH13=1,$AP13=1),1,0) -> 0 | BX13: =IF(AND(BI13=1,$AP13=1),1,0) -> 0 | BY13: =IF(AND(BJ13=1,$AP13=1),1,0) -> 0 | BZ13: =IF(AND(BK13=1,$AP13=1),1,0) -> 0 | ... CG13: =IF(AND(BR13=1,$AP13=1),1,0) -> 0
A14: 3DD.003E33A120 | B14: 12H | C14: 2023 | D14: 2025 | E14: McCall Hatchery | F14: SF SALMON | G14: KNOXB - Knox Bridge, SF Salmon River | H14: KNOXB | I14: AI CW | L14: RTR | M14: 1 | N14: 1 | R14: 46188 | S14: 46189 | U14: 46192 | W14: 46201 | AA14: 2026 | AB14: Jack | AC14: McCall-Integrated | AD14: =IF(COUNT(O14:Z14)>0,1,0) -> 1 | AE14: =IF(COUNT(O14:T14)>0,1,0) -> 1 | AF14: =IF(COUNT(S14:Z14)>0,1,0) -> 1 | AG14: =IF(COUNT(S14:T14)>0,1,0) -> 1 | AH14: =IF(COUNT(U14:Z14)>0,1,0) -> 1 | AI14: =IF(COUNT(U14:V14)>0,1,0) -> 1 | AJ14: =IF(COUNT(W14:Z14)>0,1,0) -> 1 | AK14: =IF(COUNT(W14)>0,1,0) -> 1 | AL14: =IF(COUNT(X14:Z14)>0,1,0) -> 0 | AM14: =IF(COUNT(X14)>0,1,0) -> 0 | AN14: =IF(COUNT(Y14:Z14)>0,1,0) -> 0 | AO14: =IF(COUNT(Y14)>0,1,0) -> 0 | AP14: =IF(COUNT(Z14)>0,1,0) -> 0 | AQ14: =IF(AE14+AI14>1,1,0) -> 1 | AR14: =IF(AE14+AK14>1,1,0) -> 1 | AS14: =IF(AP14+AE14>1,1,0) -> 0 | AT14: =IF(AQ14=1,MIN(U14:V14)-MIN(O14:T14),"na") -> 4 | AU14: =IF(AR14=1,MAX(W14)-MIN(O14:T14),"na") -> 13 | AV14: =IF(AS14=1,+Z14-MIN(O14:T14),"na") -> na | AW14: =IF(AE14>0,DATE(1900,MONTH(MIN(O14:T14)),DAY(MIN(O14:T14))),"na") -> 167 | AX14: =IF(AG14>0,DATE(1900,MONTH(MIN(S14:T14)),DAY(MIN(S14:T14))),"na") -> 168 | AY14: =IF(AI14>0,DATE(1900,MONTH(MIN(U14:V14)),DAY(MIN(U14:V14))),"na") -> 171 | AZ14: =IF(AK14>0,DATE(1900,MONTH(MIN(W14)),DAY(MIN(W14))),"na") -> 180 | BA14: =IF(AM14>0,DATE(1900,MONTH(MIN(X14)),DAY(MIN(X14))),"na") -> na | BB14: =IF(AO14>0,DATE(1900,MONTH(MIN(Y14)),DAY(MIN(Y14))),"na") -> na | BC14: =IF(AP14>0,DATE(1900,MONTH(Z14),DAY(Z14)),"na") -> na | BD14: =IF(BD$1-$AW14>$CK$1,1,0) -> 0 | BE14: =IF(BE$1-$AW14>$CK$1,1,0) -> 0 | BF14: =IF(BF$1-$AW14>$CK$1,1,0) -> 0 | BG14: =IF(BG$1-$AW14>$CK$1,1,0) -> 0 | BH14: =IF(BH$1-$AW14>$CK$1,1,0) -> 0 | BI14: =IF(BI$1-$AW14>$CK$1,1,0) -> 0 | BJ14: =IF(BJ$1-$AW14>$CK$1,1,0) -> 0 | BK14: =IF(BK$1-$AW14>$CK$1,1,0) -> 0 | ... BR14: =IF(BR$1-$AW14>$CK$1,1,0) -> 1 | BS14: =IF(AND(BD14=1,$AP14=1),1,0) -> 0 | BT14: =IF(AND(BE14=1,$AP14=1),1,0) -> 0 | BU14: =IF(AND(BF14=1,$AP14=1),1,0) -> 0 | BV14: =IF(AND(BG14=1,$AP14=1),1,0) -> 0 | BW14: =IF(AND(BH14=1,$AP14=1),1,0) -> 0 | BX14: =IF(AND(BI14=1,$AP14=1),1,0) -> 0 | BY14: =IF(AND(BJ14=1,$AP14=1),1,0) -> 0 | BZ14: =IF(AND(BK14=1,$AP14=1),1,0) -> 0 | ... CG14: =IF(AND(BR14=1,$AP14=1),1,0) -> 0
A15: 3DD.003E339E21 | B15: 12H | C15: 2023 | D15: 2025 | E15: McCall Hatchery | F15: SF SALMON | G15: KNOXB - Knox Bridge, SF Salmon River | H15: KNOXB | I15: AI CW | L15: RAL | M15: 7.74 | N15: 1 | O15: 46181 | S15: 46182 | U15: 46185 | W15: 46187 | X15: 46195 | Y15: 46197 | Z15: 46199 | AA15: 2026 | AB15: Jack | AC15: McCall-Integrated | AD15: =IF(COUNT(O15:Z15)>0,1,0) -> 1 | AE15: =IF(COUNT(O15:T15)>0,1,0) -> 1 | AF15: =IF(COUNT(S15:Z15)>0,1,0) -> 1 | AG15: =IF(COUNT(S15:T15)>0,1,0) -> 1 | AH15: =IF(COUNT(U15:Z15)>0,1,0) -> 1 | AI15: =IF(COUNT(U15:V15)>0,1,0) -> 1 | AJ15: =IF(COUNT(W15:Z15)>0,1,0) -> 1 | AK15: =IF(COUNT(W15)>0,1,0) -> 1 | AL15: =IF(COUNT(X15:Z15)>0,1,0) -> 1 | AM15: =IF(COUNT(X15)>0,1,0) -> 1 | AN15: =IF(COUNT(Y15:Z15)>0,1,0) -> 1 | AO15: =IF(COUNT(Y15)>0,1,0) -> 1 | AP15: =IF(COUNT(Z15)>0,1,0) -> 1 | AQ15: =IF(AE15+AI15>1,1,0) -> 1 | AR15: =IF(AE15+AK15>1,1,0) -> 1 | AS15: =IF(AP15+AE15>1,1,0) -> 1 | AT15: =IF(AQ15=1,MIN(U15:V15)-MIN(O15:T15),"na") -> 4 | AU15: =IF(AR15=1,MAX(W15)-MIN(O15:T15),"na") -> 6 | AV15: =IF(AS15=1,+Z15-MIN(O15:T15),"na") -> 18 | AW15: =IF(AE15>0,DATE(1900,MONTH(MIN(O15:T15)),DAY(MIN(O15:T15))),"na") -> 160 | AX15: =IF(AG15>0,DATE(1900,MONTH(MIN(S15:T15)),DAY(MIN(S15:T15))),"na") -> 161 | AY15: =IF(AI15>0,DATE(1900,MONTH(MIN(U15:V15)),DAY(MIN(U15:V15))),"na") -> 164 | AZ15: =IF(AK15>0,DATE(1900,MONTH(MIN(W15)),DAY(MIN(W15))),"na") -> 166 | BA15: =IF(AM15>0,DATE(1900,MONTH(MIN(X15)),DAY(MIN(X15))),"na") -> 174 | BB15: =IF(AO15>0,DATE(1900,MONTH(MIN(Y15)),DAY(MIN(Y15))),"na") -> 176 | BC15: =IF(AP15>0,DATE(1900,MONTH(Z15),DAY(Z15)),"na") -> 178 | BD15: =IF(BD$1-$AW15>$CK$1,1,0) -> 0 | BE15: =IF(BE$1-$AW15>$CK$1,1,0) -> 0 | BF15: =IF(BF$1-$AW15>$CK$1,1,0) -> 0 | BG15: =IF(BG$1-$AW15>$CK$1,1,0) -> 0 | BH15: =IF(BH$1-$AW15>$CK$1,1,0) -> 0 | BI15: =IF(BI$1-$AW15>$CK$1,1,0) -> 0 | BJ15: =IF(BJ$1-$AW15>$CK$1,1,0) -> 0 | BK15: =IF(BK$1-$AW15>$CK$1,1,0) -> 0 | ... BR15: =IF(BR$1-$AW15>$CK$1,1,0) -> 1 | BS15: =IF(AND(BD15=1,$AP15=1),1,0) -> 0 | BT15: =IF(AND(BE15=1,$AP15=1),1,0) -> 0 | BU15: =IF(AND(BF15=1,$AP15=1),1,0) -> 0 | BV15: =IF(AND(BG15=1,$AP15=1),1,0) -> 0 | BW15: =IF(AND(BH15=1,$AP15=1),1,0) -> 0 | BX15: =IF(AND(BI15=1,$AP15=1),1,0) -> 0 | BY15: =IF(AND(BJ15=1,$AP15=1),1,0) -> 0 | BZ15: =IF(AND(BK15=1,$AP15=1),1,0) -> 0 | ... CG15: =IF(AND(BR15=1,$AP15=1),1,0) -> 1
A16: 3DD.003E339A28 | B16: 12H | C16: 2023 | D16: 2025 | E16: McCall Hatchery | F16: SF SALMON | G16: KNOXB - Knox Bridge, SF Salmon River | H16: KNOXB | I16: AD | L16: RAL | M16: 50.77 | N16: 1 | O16: 46180 | S16: 46181 | W16: 46187 | X16: 46198 | Y16: 46199 | Z16: 46200 | AA16: 2026 | AB16: Jack | AC16: McCall-Segregated | AD16: =IF(COUNT(O16:Z16)>0,1,0) -> 1 | AE16: =IF(COUNT(O16:T16)>0,1,0) -> 1 | AF16: =IF(COUNT(S16:Z16)>0,1,0) -> 1 | AG16: =IF(COUNT(S16:T16)>0,1,0) -> 1 | AH16: =IF(COUNT(U16:Z16)>0,1,0) -> 1 | AI16: =IF(COUNT(U16:V16)>0,1,0) -> 0 | AJ16: =IF(COUNT(W16:Z16)>0,1,0) -> 1 | AK16: =IF(COUNT(W16)>0,1,0) -> 1 | AL16: =IF(COUNT(X16:Z16)>0,1,0) -> 1 | AM16: =IF(COUNT(X16)>0,1,0) -> 1 | AN16: =IF(COUNT(Y16:Z16)>0,1,0) -> 1 | AO16: =IF(COUNT(Y16)>0,1,0) -> 1 | AP16: =IF(COUNT(Z16)>0,1,0) -> 1 | AQ16: =IF(AE16+AI16>1,1,0) -> 0 | AR16: =IF(AE16+AK16>1,1,0) -> 1 | AS16: =IF(AP16+AE16>1,1,0) -> 1 | AT16: =IF(AQ16=1,MIN(U16:V16)-MIN(O16:T16),"na") -> na | AU16: =IF(AR16=1,MAX(W16)-MIN(O16:T16),"na") -> 7 | AV16: =IF(AS16=1,+Z16-MIN(O16:T16),"na") -> 20 | AW16: =IF(AE16>0,DATE(1900,MONTH(MIN(O16:T16)),DAY(MIN(O16:T16))),"na") -> 159 | AX16: =IF(AG16>0,DATE(1900,MONTH(MIN(S16:T16)),DAY(MIN(S16:T16))),"na") -> 160 | AY16: =IF(AI16>0,DATE(1900,MONTH(MIN(U16:V16)),DAY(MIN(U16:V16))),"na") -> na | AZ16: =IF(AK16>0,DATE(1900,MONTH(MIN(W16)),DAY(MIN(W16))),"na") -> 166 | BA16: =IF(AM16>0,DATE(1900,MONTH(MIN(X16)),DAY(MIN(X16))),"na") -> 177 | BB16: =IF(AO16>0,DATE(1900,MONTH(MIN(Y16)),DAY(MIN(Y16))),"na") -> 178 | BC16: =IF(AP16>0,DATE(1900,MONTH(Z16),DAY(Z16)),"na") -> 179 | BD16: =IF(BD$1-$AW16>$CK$1,1,0) -> 0 | BE16: =IF(BE$1-$AW16>$CK$1,1,0) -> 0 | BF16: =IF(BF$1-$AW16>$CK$1,1,0) -> 0 | BG16: =IF(BG$1-$AW16>$CK$1,1,0) -> 0 | BH16: =IF(BH$1-$AW16>$CK$1,1,0) -> 0 | BI16: =IF(BI$1-$AW16>$CK$1,1,0) -> 0 | BJ16: =IF(BJ$1-$AW16>$CK$1,1,0) -> 0 | BK16: =IF(BK$1-$AW16>$CK$1,1,0) -> 0 | ... BR16: =IF(BR$1-$AW16>$CK$1,1,0) -> 1 | BS16: =IF(AND(BD16=1,$AP16=1),1,0) -> 0 | BT16: =IF(AND(BE16=1,$AP16=1),1,0) -> 0 | BU16: =IF(AND(BF16=1,$AP16=1),1,0) -> 0 | BV16: =IF(AND(BG16=1,$AP16=1),1,0) -> 0 | BW16: =IF(AND(BH16=1,$AP16=1),1,0) -> 0 | BX16: =IF(AND(BI16=1,$AP16=1),1,0) -> 0 | BY16: =IF(AND(BJ16=1,$AP16=1),1,0) -> 0 | BZ16: =IF(AND(BK16=1,$AP16=1),1,0) -> 0 | ... CG16: =IF(AND(BR16=1,$AP16=1),1,0) -> 1
A17: 3DD.003E33BEEB | B17: 12H | C17: 2023 | D17: 2025 | E17: McCall Hatchery | F17: SF SALMON | G17: KNOXB - Knox Bridge, SF Salmon River | H17: KNOXB | I17: AI CW | L17: RAL | M17: 7.74 | N17: 1 | Q17: 46188 | R17: 46188 | S17: 46190 | U17: 46193 | W17: 46195 | X17: 46196 | Y17: 46197 | Z17: 46198 | AA17: 2026 | AB17: Jack | AC17: McCall-Integrated | AD17: =IF(COUNT(O17:Z17)>0,1,0) -> 1 | AE17: =IF(COUNT(O17:T17)>0,1,0) -> 1 | AF17: =IF(COUNT(S17:Z17)>0,1,0) -> 1 | AG17: =IF(COUNT(S17:T17)>0,1,0) -> 1 | AH17: =IF(COUNT(U17:Z17)>0,1,0) -> 1 | AI17: =IF(COUNT(U17:V17)>0,1,0) -> 1 | AJ17: =IF(COUNT(W17:Z17)>0,1,0) -> 1 | AK17: =IF(COUNT(W17)>0,1,0) -> 1 | AL17: =IF(COUNT(X17:Z17)>0,1,0) -> 1 | AM17: =IF(COUNT(X17)>0,1,0) -> 1 | AN17: =IF(COUNT(Y17:Z17)>0,1,0) -> 1 | AO17: =IF(COUNT(Y17)>0,1,0) -> 1 | AP17: =IF(COUNT(Z17)>0,1,0) -> 1 | AQ17: =IF(AE17+AI17>1,1,0) -> 1 | AR17: =IF(AE17+AK17>1,1,0) -> 1 | AS17: =IF(AP17+AE17>1,1,0) -> 1 | AT17: =IF(AQ17=1,MIN(U17:V17)-MIN(O17:T17),"na") -> 5 | AU17: =IF(AR17=1,MAX(W17)-MIN(O17:T17),"na") -> 7 | AV17: =IF(AS17=1,+Z17-MIN(O17:T17),"na") -> 10 | AW17: =IF(AE17>0,DATE(1900,MONTH(MIN(O17:T17)),DAY(MIN(O17:T17))),"na") -> 167 | AX17: =IF(AG17>0,DATE(1900,MONTH(MIN(S17:T17)),DAY(MIN(S17:T17))),"na") -> 169 | AY17: =IF(AI17>0,DATE(1900,MONTH(MIN(U17:V17)),DAY(MIN(U17:V17))),"na") -> 172 | AZ17: =IF(AK17>0,DATE(1900,MONTH(MIN(W17)),DAY(MIN(W17))),"na") -> 174 | BA17: =IF(AM17>0,DATE(1900,MONTH(MIN(X17)),DAY(MIN(X17))),"na") -> 175 | BB17: =IF(AO17>0,DATE(1900,MONTH(MIN(Y17)),DAY(MIN(Y17))),"na") -> 176 | BC17: =IF(AP17>0,DATE(1900,MONTH(Z17),DAY(Z17)),"na") -> 177 | BD17: =IF(BD$1-$AW17>$CK$1,1,0) -> 0 | BE17: =IF(BE$1-$AW17>$CK$1,1,0) -> 0 | BF17: =IF(BF$1-$AW17>$CK$1,1,0) -> 0 | BG17: =IF(BG$1-$AW17>$CK$1,1,0) -> 0 | BH17: =IF(BH$1-$AW17>$CK$1,1,0) -> 0 | BI17: =IF(BI$1-$AW17>$CK$1,1,0) -> 0 | BJ17: =IF(BJ$1-$AW17>$CK$1,1,0) -> 0 | BK17: =IF(BK$1-$AW17>$CK$1,1,0) -> 0 | ... BR17: =IF(BR$1-$AW17>$CK$1,1,0) -> 1 | BS17: =IF(AND(BD17=1,$AP17=1),1,0) -> 0 | BT17: =IF(AND(BE17=1,$AP17=1),1,0) -> 0 | BU17: =IF(AND(BF17=1,$AP17=1),1,0) -> 0 | BV17: =IF(AND(BG17=1,$AP17=1),1,0) -> 0 | BW17: =IF(AND(BH17=1,$AP17=1),1,0) -> 0 | BX17: =IF(AND(BI17=1,$AP17=1),1,0) -> 0 | BY17: =IF(AND(BJ17=1,$AP17=1),1,0) -> 0 | BZ17: =IF(AND(BK17=1,$AP17=1),1,0) -> 0 | ... CG17: =IF(AND(BR17=1,$AP17=1),1,0) -> 1
A18: 3DD.003E413814 | B18: 11H | C18: 2023 | D18: 2025 | E18: Clearwater Hatchery | F18: CLEARWATER | G18: SELWY1 - Selway River - mouth to Moose Creek (km 0-65) | H18: SELWY1 | I18: AD | L18: RAL | M18: 62.38 | N18: 1 | Q18: 46162 | R18: 46162 | S18: 46163 | U18: 46166 | W18: 46168 | X18: 46173 | Y18: 46174 | Z18: 46175 | AA18: 2026 | AB18: Jack | AC18: CFH-Selway Ad-Clip | AD18: =IF(COUNT(O18:Z18)>0,1,0) -> 1 | AE18: =IF(COUNT(O18:T18)>0,1,0) -> 1 | AF18: =IF(COUNT(S18:Z18)>0,1,0) -> 1 | AG18: =IF(COUNT(S18:T18)>0,1,0) -> 1 | AH18: =IF(COUNT(U18:Z18)>0,1,0) -> 1 | AI18: =IF(COUNT(U18:V18)>0,1,0) -> 1 | AJ18: =IF(COUNT(W18:Z18)>0,1,0) -> 1 | AK18: =IF(COUNT(W18)>0,1,0) -> 1 | AL18: =IF(COUNT(X18:Z18)>0,1,0) -> 1 | AM18: =IF(COUNT(X18)>0,1,0) -> 1 | AN18: =IF(COUNT(Y18:Z18)>0,1,0) -> 1 | AO18: =IF(COUNT(Y18)>0,1,0) -> 1 | AP18: =IF(COUNT(Z18)>0,1,0) -> 1 | AQ18: =IF(AE18+AI18>1,1,0) -> 1 | AR18: =IF(AE18+AK18>1,1,0) -> 1 | AS18: =IF(AP18+AE18>1,1,0) -> 1 | AT18: =IF(AQ18=1,MIN(U18:V18)-MIN(O18:T18),"na") -> 4 | AU18: =IF(AR18=1,MAX(W18)-MIN(O18:T18),"na") -> 6 | AV18: =IF(AS18=1,+Z18-MIN(O18:T18),"na") -> 13 | AW18: =IF(AE18>0,DATE(1900,MONTH(MIN(O18:T18)),DAY(MIN(O18:T18))),"na") -> 141 | AX18: =IF(AG18>0,DATE(1900,MONTH(MIN(S18:T18)),DAY(MIN(S18:T18))),"na") -> 142 | AY18: =IF(AI18>0,DATE(1900,MONTH(MIN(U18:V18)),DAY(MIN(U18:V18))),"na") -> 145 | AZ18: =IF(AK18>0,DATE(1900,MONTH(MIN(W18)),DAY(MIN(W18))),"na") -> 147 | BA18: =IF(AM18>0,DATE(1900,MONTH(MIN(X18)),DAY(MIN(X18))),"na") -> 152 | BB18: =IF(AO18>0,DATE(1900,MONTH(MIN(Y18)),DAY(MIN(Y18))),"na") -> 153 | BC18: =IF(AP18>0,DATE(1900,MONTH(Z18),DAY(Z18)),"na") -> 154 | BD18: =IF(BD$1-$AW18>$CK$1,1,0) -> 0 | BE18: =IF(BE$1-$AW18>$CK$1,1,0) -> 0 | BF18: =IF(BF$1-$AW18>$CK$1,1,0) -> 0 | BG18: =IF(BG$1-$AW18>$CK$1,1,0) -> 0 | BH18: =IF(BH$1-$AW18>$CK$1,1,0) -> 0 | BI18: =IF(BI$1-$AW18>$CK$1,1,0) -> 0 | BJ18: =IF(BJ$1-$AW18>$CK$1,1,0) -> 0 | BK18: =IF(BK$1-$AW18>$CK$1,1,0) -> 0 | ... BR18: =IF(BR$1-$AW18>$CK$1,1,0) -> 1 | BS18: =IF(AND(BD18=1,$AP18=1),1,0) -> 0 | BT18: =IF(AND(BE18=1,$AP18=1),1,0) -> 0 | BU18: =IF(AND(BF18=1,$AP18=1),1,0) -> 0 | BV18: =IF(AND(BG18=1,$AP18=1),1,0) -> 0 | BW18: =IF(AND(BH18=1,$AP18=1),1,0) -> 0 | BX18: =IF(AND(BI18=1,$AP18=1),1,0) -> 0 | BY18: =IF(AND(BJ18=1,$AP18=1),1,0) -> 0 | BZ18: =IF(AND(BK18=1,$AP18=1),1,0) -> 0 | ... CG18: =IF(AND(BR18=1,$AP18=1),1,0) -> 1
A19: 3DD.003E540B33 | B19: 11H | C19: 2023 | D19: 2025 | E19: Rapid River Hatchery | F19: RAPID RIVER | G19: RAPH - Rapid River Hatchery | H19: RAPH | I19: AD | L19: RAL | M19: 74.25 | N19: 1 | Q19: 46164 | R19: 46164 | S19: 46166 | U19: 46176 | W19: 46177 | X19: 46182 | Y19: 46183 | Z19: 46184 | AA19: 2026 | AB19: Jack | AC19: Rapid River | AD19: =IF(COUNT(O19:Z19)>0,1,0) -> 1 | AE19: =IF(COUNT(O19:T19)>0,1,0) -> 1 | AF19: =IF(COUNT(S19:Z19)>0,1,0) -> 1 | AG19: =IF(COUNT(S19:T19)>0,1,0) -> 1 | AH19: =IF(COUNT(U19:Z19)>0,1,0) -> 1 | AI19: =IF(COUNT(U19:V19)>0,1,0) -> 1 | AJ19: =IF(COUNT(W19:Z19)>0,1,0) -> 1 | AK19: =IF(COUNT(W19)>0,1,0) -> 1 | AL19: =IF(COUNT(X19:Z19)>0,1,0) -> 1 | AM19: =IF(COUNT(X19)>0,1,0) -> 1 | AN19: =IF(COUNT(Y19:Z19)>0,1,0) -> 1 | AO19: =IF(COUNT(Y19)>0,1,0) -> 1 | AP19: =IF(COUNT(Z19)>0,1,0) -> 1 | AQ19: =IF(AE19+AI19>1,1,0) -> 1 | AR19: =IF(AE19+AK19>1,1,0) -> 1 | AS19: =IF(AP19+AE19>1,1,0) -> 1 | AT19: =IF(AQ19=1,MIN(U19:V19)-MIN(O19:T19),"na") -> 12 | AU19: =IF(AR19=1,MAX(W19)-MIN(O19:T19),"na") -> 13 | AV19: =IF(AS19=1,+Z19-MIN(O19:T19),"na") -> 20 | AW19: =IF(AE19>0,DATE(1900,MONTH(MIN(O19:T19)),DAY(MIN(O19:T19))),"na") -> 143 | AX19: =IF(AG19>0,DATE(1900,MONTH(MIN(S19:T19)),DAY(MIN(S19:T19))),"na") -> 145 | AY19: =IF(AI19>0,DATE(1900,MONTH(MIN(U19:V19)),DAY(MIN(U19:V19))),"na") -> 155 | AZ19: =IF(AK19>0,DATE(1900,MONTH(MIN(W19)),DAY(MIN(W19))),"na") -> 156 | BA19: =IF(AM19>0,DATE(1900,MONTH(MIN(X19)),DAY(MIN(X19))),"na") -> 161 | BB19: =IF(AO19>0,DATE(1900,MONTH(MIN(Y19)),DAY(MIN(Y19))),"na") -> 162 | BC19: =IF(AP19>0,DATE(1900,MONTH(Z19),DAY(Z19)),"na") -> 163 | BD19: =IF(BD$1-$AW19>$CK$1,1,0) -> 0 | BE19: =IF(BE$1-$AW19>$CK$1,1,0) -> 0 | BF19: =IF(BF$1-$AW19>$CK$1,1,0) -> 0 | BG19: =IF(BG$1-$AW19>$CK$1,1,0) -> 0 | BH19: =IF(BH$1-$AW19>$CK$1,1,0) -> 0 | BI19: =IF(BI$1-$AW19>$CK$1,1,0) -> 0 | BJ19: =IF(BJ$1-$AW19>$CK$1,1,0) -> 0 | BK19: =IF(BK$1-$AW19>$CK$1,1,0) -> 0 | ... BR19: =IF(BR$1-$AW19>$CK$1,1,0) -> 1 | BS19: =IF(AND(BD19=1,$AP19=1),1,0) -> 0 | BT19: =IF(AND(BE19=1,$AP19=1),1,0) -> 0 | BU19: =IF(AND(BF19=1,$AP19=1),1,0) -> 0 | BV19: =IF(AND(BG19=1,$AP19=1),1,0) -> 0 | BW19: =IF(AND(BH19=1,$AP19=1),1,0) -> 0 | BX19: =IF(AND(BI19=1,$AP19=1),1,0) -> 0 | BY19: =IF(AND(BJ19=1,$AP19=1),1,0) -> 0 | BZ19: =IF(AND(BK19=1,$AP19=1),1,0) -> 0 | ... CG19: =IF(AND(BR19=1,$AP19=1),1,0) -> 1
A20: 3DD.003E540A00 | B20: 11H | C20: 2023 | D20: 2025 | E20: Rapid River Hatchery | F20: RAPID RIVER | G20: RAPH - Rapid River Hatchery | H20: RAPH | I20: AD | L20: RTR | M20: 1 | N20: 1 | P20: 46150 | R20: 46151 | T20: 46152 | U20: 46156 | W20: 46158 | X20: 46160 | Y20: 46162 | Z20: 46163 | AA20: 2026 | AB20: Jack | AC20: Rapid River | AD20: =IF(COUNT(O20:Z20)>0,1,0) -> 1 | AE20: =IF(COUNT(O20:T20)>0,1,0) -> 1 | AF20: =IF(COUNT(S20:Z20)>0,1,0) -> 1 | AG20: =IF(COUNT(S20:T20)>0,1,0) -> 1 | AH20: =IF(COUNT(U20:Z20)>0,1,0) -> 1 | AI20: =IF(COUNT(U20:V20)>0,1,0) -> 1 | AJ20: =IF(COUNT(W20:Z20)>0,1,0) -> 1 | AK20: =IF(COUNT(W20)>0,1,0) -> 1 | AL20: =IF(COUNT(X20:Z20)>0,1,0) -> 1 | AM20: =IF(COUNT(X20)>0,1,0) -> 1 | AN20: =IF(COUNT(Y20:Z20)>0,1,0) -> 1 | AO20: =IF(COUNT(Y20)>0,1,0) -> 1 | AP20: =IF(COUNT(Z20)>0,1,0) -> 1 | AQ20: =IF(AE20+AI20>1,1,0) -> 1 | AR20: =IF(AE20+AK20>1,1,0) -> 1 | AS20: =IF(AP20+AE20>1,1,0) -> 1 | AT20: =IF(AQ20=1,MIN(U20:V20)-MIN(O20:T20),"na") -> 6 | AU20: =IF(AR20=1,MAX(W20)-MIN(O20:T20),"na") -> 8 | AV20: =IF(AS20=1,+Z20-MIN(O20:T20),"na") -> 13 | AW20: =IF(AE20>0,DATE(1900,MONTH(MIN(O20:T20)),DAY(MIN(O20:T20))),"na") -> 129 | AX20: =IF(AG20>0,DATE(1900,MONTH(MIN(S20:T20)),DAY(MIN(S20:T20))),"na") -> 131 | AY20: =IF(AI20>0,DATE(1900,MONTH(MIN(U20:V20)),DAY(MIN(U20:V20))),"na") -> 135 | AZ20: =IF(AK20>0,DATE(1900,MONTH(MIN(W20)),DAY(MIN(W20))),"na") -> 137 | BA20: =IF(AM20>0,DATE(1900,MONTH(MIN(X20)),DAY(MIN(X20))),"na") -> 139 | BB20: =IF(AO20>0,DATE(1900,MONTH(MIN(Y20)),DAY(MIN(Y20))),"na") -> 141 | BC20: =IF(AP20>0,DATE(1900,MONTH(Z20),DAY(Z20)),"na") -> 142 | BD20: =IF(BD$1-$AW20>$CK$1,1,0) -> 0 | BE20: =IF(BE$1-$AW20>$CK$1,1,0) -> 0 | BF20: =IF(BF$1-$AW20>$CK$1,1,0) -> 0 | BG20: =IF(BG$1-$AW20>$CK$1,1,0) -> 0 | BH20: =IF(BH$1-$AW20>$CK$1,1,0) -> 0 | BI20: =IF(BI$1-$AW20>$CK$1,1,0) -> 0 | BJ20: =IF(BJ$1-$AW20>$CK$1,1,0) -> 0 | BK20: =IF(BK$1-$AW20>$CK$1,1,0) -> 0 | ... BR20: =IF(BR$1-$AW20>$CK$1,1,0) -> 1 | BS20: =IF(AND(BD20=1,$AP20=1),1,0) -> 0 | BT20: =IF(AND(BE20=1,$AP20=1),1,0) -> 0 | BU20: =IF(AND(BF20=1,$AP20=1),1,0) -> 0 | BV20: =IF(AND(BG20=1,$AP20=1),1,0) -> 0 | BW20: =IF(AND(BH20=1,$AP20=1),1,0) -> 0 | BX20: =IF(AND(BI20=1,$AP20=1),1,0) -> 0 | BY20: =IF(AND(BJ20=1,$AP20=1),1,0) -> 0 | BZ20: =IF(AND(BK20=1,$AP20=1),1,0) -> 0 | ... CG20: =IF(AND(BR20=1,$AP20=1),1,0) -> 1
A21: 3DD.003E53F89E | B21: 11H | C21: 2023 | D21: 2025 | E21: Rapid River Hatchery | F21: RAPID RIVER | G21: RAPH - Rapid River Hatchery | H21: RAPH | I21: AD | L21: RAL | M21: 74.25 | N21: 1 | Q21: 46152 | R21: 46152 | S21: 46154 | U21: 46157 | W21: 46159 | X21: 46160 | Y21: 46161 | Z21: 46163 | AA21: 2026 | AB21: Jack | AC21: Rapid River | AD21: =IF(COUNT(O21:Z21)>0,1,0) -> 1 | AE21: =IF(COUNT(O21:T21)>0,1,0) -> 1 | AF21: =IF(COUNT(S21:Z21)>0,1,0) -> 1 | AG21: =IF(COUNT(S21:T21)>0,1,0) -> 1 | AH21: =IF(COUNT(U21:Z21)>0,1,0) -> 1 | AI21: =IF(COUNT(U21:V21)>0,1,0) -> 1 | AJ21: =IF(COUNT(W21:Z21)>0,1,0) -> 1 | AK21: =IF(COUNT(W21)>0,1,0) -> 1 | AL21: =IF(COUNT(X21:Z21)>0,1,0) -> 1 | AM21: =IF(COUNT(X21)>0,1,0) -> 1 | AN21: =IF(COUNT(Y21:Z21)>0,1,0) -> 1 | AO21: =IF(COUNT(Y21)>0,1,0) -> 1 | AP21: =IF(COUNT(Z21)>0,1,0) -> 1 | AQ21: =IF(AE21+AI21>1,1,0) -> 1 | AR21: =IF(AE21+AK21>1,1,0) -> 1 | AS21: =IF(AP21+AE21>1,1,0) -> 1 | AT21: =IF(AQ21=1,MIN(U21:V21)-MIN(O21:T21),"na") -> 5 | AU21: =IF(AR21=1,MAX(W21)-MIN(O21:T21),"na") -> 7 | AV21: =IF(AS21=1,+Z21-MIN(O21:T21),"na") -> 11 | AW21: =IF(AE21>0,DATE(1900,MONTH(MIN(O21:T21)),DAY(MIN(O21:T21))),"na") -> 131 | AX21: =IF(AG21>0,DATE(1900,MONTH(MIN(S21:T21)),DAY(MIN(S21:T21))),"na") -> 133 | AY21: =IF(AI21>0,DATE(1900,MONTH(MIN(U21:V21)),DAY(MIN(U21:V21))),"na") -> 136 | AZ21: =IF(AK21>0,DATE(1900,MONTH(MIN(W21)),DAY(MIN(W21))),"na") -> 138 | BA21: =IF(AM21>0,DATE(1900,MONTH(MIN(X21)),DAY(MIN(X21))),"na") -> 139 | BB21: =IF(AO21>0,DATE(1900,MONTH(MIN(Y21)),DAY(MIN(Y21))),"na") -> 140 | BC21: =IF(AP21>0,DATE(1900,MONTH(Z21),DAY(Z21)),"na") -> 142 | BD21: =IF(BD$1-$AW21>$CK$1,1,0) -> 0 | BE21: =IF(BE$1-$AW21>$CK$1,1,0) -> 0 | BF21: =IF(BF$1-$AW21>$CK$1,1,0) -> 0 | BG21: =IF(BG$1-$AW21>$CK$1,1,0) -> 0 | BH21: =IF(BH$1-$AW21>$CK$1,1,0) -> 0 | BI21: =IF(BI$1-$AW21>$CK$1,1,0) -> 0 | BJ21: =IF(BJ$1-$AW21>$CK$1,1,0) -> 0 | BK21: =IF(BK$1-$AW21>$CK$1,1,0) -> 0 | ... BR21: =IF(BR$1-$AW21>$CK$1,1,0) -> 1 | BS21: =IF(AND(BD21=1,$AP21=1),1,0) -> 0 | BT21: =IF(AND(BE21=1,$AP21=1),1,0) -> 0 | BU21: =IF(AND(BF21=1,$AP21=1),1,0) -> 0 | BV21: =IF(AND(BG21=1,$AP21=1),1,0) -> 0 | BW21: =IF(AND(BH21=1,$AP21=1),1,0) -> 0 | BX21: =IF(AND(BI21=1,$AP21=1),1,0) -> 0 | BY21: =IF(AND(BJ21=1,$AP21=1),1,0) -> 0 | BZ21: =IF(AND(BK21=1,$AP21=1),1,0) -> 0 | ... CG21: =IF(AND(BR21=1,$AP21=1),1,0) -> 1
A22: 3DD.003E53E698 | B22: 11H | C22: 2023 | D22: 2025 | E22: Rapid River Hatchery | F22: RAPID RIVER | G22: RAPH - Rapid River Hatchery | H22: RAPH | I22: AD | L22: RAL | M22: 74.25 | N22: 1 | Q22: 46184 | R22: 46184 | AA22: 2026 | AB22: Jack | AC22: Rapid River | AD22: =IF(COUNT(O22:Z22)>0,1,0) -> 1 | AE22: =IF(COUNT(O22:T22)>0,1,0) -> 1 | AF22: =IF(COUNT(S22:Z22)>0,1,0) -> 0 | AG22: =IF(COUNT(S22:T22)>0,1,0) -> 0 | AH22: =IF(COUNT(U22:Z22)>0,1,0) -> 0 | AI22: =IF(COUNT(U22:V22)>0,1,0) -> 0 | AJ22: =IF(COUNT(W22:Z22)>0,1,0) -> 0 | AK22: =IF(COUNT(W22)>0,1,0) -> 0 | AL22: =IF(COUNT(X22:Z22)>0,1,0) -> 0 | AM22: =IF(COUNT(X22)>0,1,0) -> 0 | AN22: =IF(COUNT(Y22:Z22)>0,1,0) -> 0 | AO22: =IF(COUNT(Y22)>0,1,0) -> 0 | AP22: =IF(COUNT(Z22)>0,1,0) -> 0 | AQ22: =IF(AE22+AI22>1,1,0) -> 0 | AR22: =IF(AE22+AK22>1,1,0) -> 0 | AS22: =IF(AP22+AE22>1,1,0) -> 0 | AT22: =IF(AQ22=1,MIN(U22:V22)-MIN(O22:T22),"na") -> na | AU22: =IF(AR22=1,MAX(W22)-MIN(O22:T22),"na") -> na | AV22: =IF(AS22=1,+Z22-MIN(O22:T22),"na") -> na | AW22: =IF(AE22>0,DATE(1900,MONTH(MIN(O22:T22)),DAY(MIN(O22:T22))),"na") -> 163 | AX22: =IF(AG22>0,DATE(1900,MONTH(MIN(S22:T22)),DAY(MIN(S22:T22))),"na") -> na | AY22: =IF(AI22>0,DATE(1900,MONTH(MIN(U22:V22)),DAY(MIN(U22:V22))),"na") -> na | AZ22: =IF(AK22>0,DATE(1900,MONTH(MIN(W22)),DAY(MIN(W22))),"na") -> na | BA22: =IF(AM22>0,DATE(1900,MONTH(MIN(X22)),DAY(MIN(X22))),"na") -> na | BB22: =IF(AO22>0,DATE(1900,MONTH(MIN(Y22)),DAY(MIN(Y22))),"na") -> na | BC22: =IF(AP22>0,DATE(1900,MONTH(Z22),DAY(Z22)),"na") -> na | BD22: =IF(BD$1-$AW22>$CK$1,1,0) -> 0 | BE22: =IF(BE$1-$AW22>$CK$1,1,0) -> 0 | BF22: =IF(BF$1-$AW22>$CK$1,1,0) -> 0 | BG22: =IF(BG$1-$AW22>$CK$1,1,0) -> 0 | BH22: =IF(BH$1-$AW22>$CK$1,1,0) -> 0 | BI22: =IF(BI$1-$AW22>$CK$1,1,0) -> 0 | BJ22: =IF(BJ$1-$AW22>$CK$1,1,0) -> 0 | BK22: =IF(BK$1-$AW22>$CK$1,1,0) -> 0 | ... BR22: =IF(BR$1-$AW22>$CK$1,1,0) -> 1 | BS22: =IF(AND(BD22=1,$AP22=1),1,0) -> 0 | BT22: =IF(AND(BE22=1,$AP22=1),1,0) -> 0 | BU22: =IF(AND(BF22=1,$AP22=1),1,0) -> 0 | BV22: =IF(AND(BG22=1,$AP22=1),1,0) -> 0 | BW22: =IF(AND(BH22=1,$AP22=1),1,0) -> 0 | BX22: =IF(AND(BI22=1,$AP22=1),1,0) -> 0 | BY22: =IF(AND(BJ22=1,$AP22=1),1,0) -> 0 | BZ22: =IF(AND(BK22=1,$AP22=1),1,0) -> 0 | ... CG22: =IF(AND(BR22=1,$AP22=1),1,0) -> 0
A23: 3DD.003E53E2B2 | B23: 11H | C23: 2023 | D23: 2025 | E23: Rapid River Hatchery | F23: RAPID RIVER | G23: RAPH - Rapid River Hatchery | H23: RAPH | I23: AD | L23: RTR | M23: 1 | N23: 1 | O23: 46156 | S23: 46158 | U23: 46162 | W23: 46163 | X23: 46164 | Z23: 46190 | AA23: 2026 | AB23: Jack | AC23: Rapid River | AD23: =IF(COUNT(O23:Z23)>0,1,0) -> 1 | AE23: =IF(COUNT(O23:T23)>0,1,0) -> 1 | AF23: =IF(COUNT(S23:Z23)>0,1,0) -> 1 | AG23: =IF(COUNT(S23:T23)>0,1,0) -> 1 | AH23: =IF(COUNT(U23:Z23)>0,1,0) -> 1 | AI23: =IF(COUNT(U23:V23)>0,1,0) -> 1 | AJ23: =IF(COUNT(W23:Z23)>0,1,0) -> 1 | AK23: =IF(COUNT(W23)>0,1,0) -> 1 | AL23: =IF(COUNT(X23:Z23)>0,1,0) -> 1 | AM23: =IF(COUNT(X23)>0,1,0) -> 1 | AN23: =IF(COUNT(Y23:Z23)>0,1,0) -> 1 | AO23: =IF(COUNT(Y23)>0,1,0) -> 0 | AP23: =IF(COUNT(Z23)>0,1,0) -> 1 | AQ23: =IF(AE23+AI23>1,1,0) -> 1 | AR23: =IF(AE23+AK23>1,1,0) -> 1 | AS23: =IF(AP23+AE23>1,1,0) -> 1 | AT23: =IF(AQ23=1,MIN(U23:V23)-MIN(O23:T23),"na") -> 6 | AU23: =IF(AR23=1,MAX(W23)-MIN(O23:T23),"na") -> 7 | AV23: =IF(AS23=1,+Z23-MIN(O23:T23),"na") -> 34 | AW23: =IF(AE23>0,DATE(1900,MONTH(MIN(O23:T23)),DAY(MIN(O23:T23))),"na") -> 135 | AX23: =IF(AG23>0,DATE(1900,MONTH(MIN(S23:T23)),DAY(MIN(S23:T23))),"na") -> 137 | AY23: =IF(AI23>0,DATE(1900,MONTH(MIN(U23:V23)),DAY(MIN(U23:V23))),"na") -> 141 | AZ23: =IF(AK23>0,DATE(1900,MONTH(MIN(W23)),DAY(MIN(W23))),"na") -> 142 | BA23: =IF(AM23>0,DATE(1900,MONTH(MIN(X23)),DAY(MIN(X23))),"na") -> 143 | BB23: =IF(AO23>0,DATE(1900,MONTH(MIN(Y23)),DAY(MIN(Y23))),"na") -> na | BC23: =IF(AP23>0,DATE(1900,MONTH(Z23),DAY(Z23)),"na") -> 169 | BD23: =IF(BD$1-$AW23>$CK$1,1,0) -> 0 | BE23: =IF(BE$1-$AW23>$CK$1,1,0) -> 0 | BF23: =IF(BF$1-$AW23>$CK$1,1,0) -> 0 | BG23: =IF(BG$1-$AW23>$CK$1,1,0) -> 0 | BH23: =IF(BH$1-$AW23>$CK$1,1,0) -> 0 | BI23: =IF(BI$1-$AW23>$CK$1,1,0) -> 0 | BJ23: =IF(BJ$1-$AW23>$CK$1,1,0) -> 0 | BK23: =IF(BK$1-$AW23>$CK$1,1,0) -> 0 | ... BR23: =IF(BR$1-$AW23>$CK$1,1,0) -> 1 | BS23: =IF(AND(BD23=1,$AP23=1),1,0) -> 0 | BT23: =IF(AND(BE23=1,$AP23=1),1,0) -> 0 | BU23: =IF(AND(BF23=1,$AP23=1),1,0) -> 0 | BV23: =IF(AND(BG23=1,$AP23=1),1,0) -> 0 | BW23: =IF(AND(BH23=1,$AP23=1),1,0) -> 0 | BX23: =IF(AND(BI23=1,$AP23=1),1,0) -> 0 | BY23: =IF(AND(BJ23=1,$AP23=1),1,0) -> 0 | BZ23: =IF(AND(BK23=1,$AP23=1),1,0) -> 0 | ... CG23: =IF(AND(BR23=1,$AP23=1),1,0) -> 1
A24: 3DD.003E3489EC | B24: 12H | C24: 2023 | D24: 2025 | E24: McCall Hatchery | F24: SF SALMON | G24: KNOXB - Knox Bridge, SF Salmon River | H24: KNOXB | I24: AI CW | L24: RAL | M24: 7.74 | N24: 1 | O24: 46185 | S24: 46186 | U24: 46189 | W24: 46191 | X24: 46192 | Y24: 46194 | Z24: 46195 | AA24: 2026 | AB24: Jack | AC24: McCall-Integrated | AD24: =IF(COUNT(O24:Z24)>0,1,0) -> 1 | AE24: =IF(COUNT(O24:T24)>0,1,0) -> 1 | AF24: =IF(COUNT(S24:Z24)>0,1,0) -> 1 | AG24: =IF(COUNT(S24:T24)>0,1,0) -> 1 | AH24: =IF(COUNT(U24:Z24)>0,1,0) -> 1 | AI24: =IF(COUNT(U24:V24)>0,1,0) -> 1 | AJ24: =IF(COUNT(W24:Z24)>0,1,0) -> 1 | AK24: =IF(COUNT(W24)>0,1,0) -> 1 | AL24: =IF(COUNT(X24:Z24)>0,1,0) -> 1 | AM24: =IF(COUNT(X24)>0,1,0) -> 1 | AN24: =IF(COUNT(Y24:Z24)>0,1,0) -> 1 | AO24: =IF(COUNT(Y24)>0,1,0) -> 1 | AP24: =IF(COUNT(Z24)>0,1,0) -> 1 | AQ24: =IF(AE24+AI24>1,1,0) -> 1 | AR24: =IF(AE24+AK24>1,1,0) -> 1 | AS24: =IF(AP24+AE24>1,1,0) -> 1 | AT24: =IF(AQ24=1,MIN(U24:V24)-MIN(O24:T24),"na") -> 4 | AU24: =IF(AR24=1,MAX(W24)-MIN(O24:T24),"na") -> 6 | AV24: =IF(AS24=1,+Z24-MIN(O24:T24),"na") -> 10 | AW24: =IF(AE24>0,DATE(1900,MONTH(MIN(O24:T24)),DAY(MIN(O24:T24))),"na") -> 164 | AX24: =IF(AG24>0,DATE(1900,MONTH(MIN(S24:T24)),DAY(MIN(S24:T24))),"na") -> 165 | AY24: =IF(AI24>0,DATE(1900,MONTH(MIN(U24:V24)),DAY(MIN(U24:V24))),"na") -> 168 | AZ24: =IF(AK24>0,DATE(1900,MONTH(MIN(W24)),DAY(MIN(W24))),"na") -> 170 | BA24: =IF(AM24>0,DATE(1900,MONTH(MIN(X24)),DAY(MIN(X24))),"na") -> 171 | BB24: =IF(AO24>0,DATE(1900,MONTH(MIN(Y24)),DAY(MIN(Y24))),"na") -> 173 | BC24: =IF(AP24>0,DATE(1900,MONTH(Z24),DAY(Z24)),"na") -> 174 | BD24: =IF(BD$1-$AW24>$CK$1,1,0) -> 0 | BE24: =IF(BE$1-$AW24>$CK$1,1,0) -> 0 | BF24: =IF(BF$1-$AW24>$CK$1,1,0) -> 0 | BG24: =IF(BG$1-$AW24>$CK$1,1,0) -> 0 | BH24: =IF(BH$1-$AW24>$CK$1,1,0) -> 0 | BI24: =IF(BI$1-$AW24>$CK$1,1,0) -> 0 | BJ24: =IF(BJ$1-$AW24>$CK$1,1,0) -> 0 | BK24: =IF(BK$1-$AW24>$CK$1,1,0) -> 0 | ... BR24: =IF(BR$1-$AW24>$CK$1,1,0) -> 1 | BS24: =IF(AND(BD24=1,$AP24=1),1,0) -> 0 | BT24: =IF(AND(BE24=1,$AP24=1),1,0) -> 0 | BU24: =IF(AND(BF24=1,$AP24=1),1,0) -> 0 | BV24: =IF(AND(BG24=1,$AP24=1),1,0) -> 0 | BW24: =IF(AND(BH24=1,$AP24=1),1,0) -> 0 | BX24: =IF(AND(BI24=1,$AP24=1),1,0) -> 0 | BY24: =IF(AND(BJ24=1,$AP24=1),1,0) -> 0 | BZ24: =IF(AND(BK24=1,$AP24=1),1,0) -> 0 | ... CG24: =IF(AND(BR24=1,$AP24=1),1,0) -> 1
A25: 3DD.003E53CBC6 | B25: 11H | C25: 2023 | D25: 2025 | E25: Rapid River Hatchery | F25: RAPID RIVER | G25: RAPH - Rapid River Hatchery | H25: RAPH | I25: AD | L25: RAL | M25: 74.25 | N25: 1 | Q25: 46145 | R25: 46145 | S25: 46148 | U25: 46151 | W25: 46152 | X25: 46153 | Y25: 46154 | Z25: 46155 | AA25: 2026 | AB25: Jack | AC25: Rapid River | AD25: =IF(COUNT(O25:Z25)>0,1,0) -> 1 | AE25: =IF(COUNT(O25:T25)>0,1,0) -> 1 | AF25: =IF(COUNT(S25:Z25)>0,1,0) -> 1 | AG25: =IF(COUNT(S25:T25)>0,1,0) -> 1 | AH25: =IF(COUNT(U25:Z25)>0,1,0) -> 1 | AI25: =IF(COUNT(U25:V25)>0,1,0) -> 1 | AJ25: =IF(COUNT(W25:Z25)>0,1,0) -> 1 | AK25: =IF(COUNT(W25)>0,1,0) -> 1 | AL25: =IF(COUNT(X25:Z25)>0,1,0) -> 1 | AM25: =IF(COUNT(X25)>0,1,0) -> 1 | AN25: =IF(COUNT(Y25:Z25)>0,1,0) -> 1 | AO25: =IF(COUNT(Y25)>0,1,0) -> 1 | AP25: =IF(COUNT(Z25)>0,1,0) -> 1 | AQ25: =IF(AE25+AI25>1,1,0) -> 1 | AR25: =IF(AE25+AK25>1,1,0) -> 1 | AS25: =IF(AP25+AE25>1,1,0) -> 1 | AT25: =IF(AQ25=1,MIN(U25:V25)-MIN(O25:T25),"na") -> 6 | AU25: =IF(AR25=1,MAX(W25)-MIN(O25:T25),"na") -> 7 | AV25: =IF(AS25=1,+Z25-MIN(O25:T25),"na") -> 10 | AW25: =IF(AE25>0,DATE(1900,MONTH(MIN(O25:T25)),DAY(MIN(O25:T25))),"na") -> 124 | AX25: =IF(AG25>0,DATE(1900,MONTH(MIN(S25:T25)),DAY(MIN(S25:T25))),"na") -> 127 | AY25: =IF(AI25>0,DATE(1900,MONTH(MIN(U25:V25)),DAY(MIN(U25:V25))),"na") -> 130 | AZ25: =IF(AK25>0,DATE(1900,MONTH(MIN(W25)),DAY(MIN(W25))),"na") -> 131 | BA25: =IF(AM25>0,DATE(1900,MONTH(MIN(X25)),DAY(MIN(X25))),"na") -> 132 | BB25: =IF(AO25>0,DATE(1900,MONTH(MIN(Y25)),DAY(MIN(Y25))),"na") -> 133 | BC25: =IF(AP25>0,DATE(1900,MONTH(Z25),DAY(Z25)),"na") -> 134 | BD25: =IF(BD$1-$AW25>$CK$1,1,0) -> 0 | BE25: =IF(BE$1-$AW25>$CK$1,1,0) -> 0 | BF25: =IF(BF$1-$AW25>$CK$1,1,0) -> 0 | BG25: =IF(BG$1-$AW25>$CK$1,1,0) -> 0 | BH25: =IF(BH$1-$AW25>$CK$1,1,0) -> 0 | BI25: =IF(BI$1-$AW25>$CK$1,1,0) -> 0 | BJ25: =IF(BJ$1-$AW25>$CK$1,1,0) -> 0 | BK25: =IF(BK$1-$AW25>$CK$1,1,0) -> 0 | ... BR25: =IF(BR$1-$AW25>$CK$1,1,0) -> 1 | BS25: =IF(AND(BD25=1,$AP25=1),1,0) -> 0 | BT25: =IF(AND(BE25=1,$AP25=1),1,0) -> 0 | BU25: =IF(AND(BF25=1,$AP25=1),1,0) -> 0 | BV25: =IF(AND(BG25=1,$AP25=1),1,0) -> 0 | BW25: =IF(AND(BH25=1,$AP25=1),1,0) -> 0 | BX25: =IF(AND(BI25=1,$AP25=1),1,0) -> 0 | BY25: =IF(AND(BJ25=1,$AP25=1),1,0) -> 0 | BZ25: =IF(AND(BK25=1,$AP25=1),1,0) -> 0 | ... CG25: =IF(AND(BR25=1,$AP25=1),1,0) -> 1
A26: 3DD.003E339440 | B26: 12H | C26: 2023 | D26: 2025 | E26: McCall Hatchery | F26: SF SALMON | G26: KNOXB - Knox Bridge, SF Salmon River | H26: KNOXB | I26: AD | L26: RAL | M26: 50.77 | N26: 1 | Q26: 46173 | R26: 46173 | T26: 46175 | W26: 46180 | X26: 46181 | Y26: 46182 | Z26: 46184 | AA26: 2026 | AB26: Jack | AC26: McCall-Segregated | AD26: =IF(COUNT(O26:Z26)>0,1,0) -> 1 | AE26: =IF(COUNT(O26:T26)>0,1,0) -> 1 | AF26: =IF(COUNT(S26:Z26)>0,1,0) -> 1 | AG26: =IF(COUNT(S26:T26)>0,1,0) -> 1 | AH26: =IF(COUNT(U26:Z26)>0,1,0) -> 1 | AI26: =IF(COUNT(U26:V26)>0,1,0) -> 0 | AJ26: =IF(COUNT(W26:Z26)>0,1,0) -> 1 | AK26: =IF(COUNT(W26)>0,1,0) -> 1 | AL26: =IF(COUNT(X26:Z26)>0,1,0) -> 1 | AM26: =IF(COUNT(X26)>0,1,0) -> 1 | AN26: =IF(COUNT(Y26:Z26)>0,1,0) -> 1 | AO26: =IF(COUNT(Y26)>0,1,0) -> 1 | AP26: =IF(COUNT(Z26)>0,1,0) -> 1 | AQ26: =IF(AE26+AI26>1,1,0) -> 0 | AR26: =IF(AE26+AK26>1,1,0) -> 1 | AS26: =IF(AP26+AE26>1,1,0) -> 1 | AT26: =IF(AQ26=1,MIN(U26:V26)-MIN(O26:T26),"na") -> na | AU26: =IF(AR26=1,MAX(W26)-MIN(O26:T26),"na") -> 7 | AV26: =IF(AS26=1,+Z26-MIN(O26:T26),"na") -> 11 | AW26: =IF(AE26>0,DATE(1900,MONTH(MIN(O26:T26)),DAY(MIN(O26:T26))),"na") -> 152 | AX26: =IF(AG26>0,DATE(1900,MONTH(MIN(S26:T26)),DAY(MIN(S26:T26))),"na") -> 154 | AY26: =IF(AI26>0,DATE(1900,MONTH(MIN(U26:V26)),DAY(MIN(U26:V26))),"na") -> na | AZ26: =IF(AK26>0,DATE(1900,MONTH(MIN(W26)),DAY(MIN(W26))),"na") -> 159 | BA26: =IF(AM26>0,DATE(1900,MONTH(MIN(X26)),DAY(MIN(X26))),"na") -> 160 | BB26: =IF(AO26>0,DATE(1900,MONTH(MIN(Y26)),DAY(MIN(Y26))),"na") -> 161 | BC26: =IF(AP26>0,DATE(1900,MONTH(Z26),DAY(Z26)),"na") -> 163 | BD26: =IF(BD$1-$AW26>$CK$1,1,0) -> 0 | BE26: =IF(BE$1-$AW26>$CK$1,1,0) -> 0 | BF26: =IF(BF$1-$AW26>$CK$1,1,0) -> 0 | BG26: =IF(BG$1-$AW26>$CK$1,1,0) -> 0 | BH26: =IF(BH$1-$AW26>$CK$1,1,0) -> 0 | BI26: =IF(BI$1-$AW26>$CK$1,1,0) -> 0 | BJ26: =IF(BJ$1-$AW26>$CK$1,1,0) -> 0 | BK26: =IF(BK$1-$AW26>$CK$1,1,0) -> 0 | ... BR26: =IF(BR$1-$AW26>$CK$1,1,0) -> 1 | BS26: =IF(AND(BD26=1,$AP26=1),1,0) -> 0 | BT26: =IF(AND(BE26=1,$AP26=1),1,0) -> 0 | BU26: =IF(AND(BF26=1,$AP26=1),1,0) -> 0 | BV26: =IF(AND(BG26=1,$AP26=1),1,0) -> 0 | BW26: =IF(AND(BH26=1,$AP26=1),1,0) -> 0 | BX26: =IF(AND(BI26=1,$AP26=1),1,0) -> 0 | BY26: =IF(AND(BJ26=1,$AP26=1),1,0) -> 0 | BZ26: =IF(AND(BK26=1,$AP26=1),1,0) -> 0 | ... CG26: =IF(AND(BR26=1,$AP26=1),1,0) -> 1
A27: 3DD.003E4129AA | B27: 11H | C27: 2023 | D27: 2025 | E27: Clearwater Hatchery | F27: CLEARWATER | G27: CLEARC - Clear Creek | H27: CLEARC | I27: AD | L27: RAL | M27: 73.96 | N27: 1 | O27: 46148 | S27: 46150 | U27: 46156 | W27: 46158 | Y27: 46173 | Z27: 46174 | AA27: 2026 | AB27: Jack | AC27: CFH-Clear Cr. | AD27: =IF(COUNT(O27:Z27)>0,1,0) -> 1 | AE27: =IF(COUNT(O27:T27)>0,1,0) -> 1 | AF27: =IF(COUNT(S27:Z27)>0,1,0) -> 1 | AG27: =IF(COUNT(S27:T27)>0,1,0) -> 1 | AH27: =IF(COUNT(U27:Z27)>0,1,0) -> 1 | AI27: =IF(COUNT(U27:V27)>0,1,0) -> 1 | AJ27: =IF(COUNT(W27:Z27)>0,1,0) -> 1 | AK27: =IF(COUNT(W27)>0,1,0) -> 1 | AL27: =IF(COUNT(X27:Z27)>0,1,0) -> 1 | AM27: =IF(COUNT(X27)>0,1,0) -> 0 | AN27: =IF(COUNT(Y27:Z27)>0,1,0) -> 1 | AO27: =IF(COUNT(Y27)>0,1,0) -> 1 | AP27: =IF(COUNT(Z27)>0,1,0) -> 1 | AQ27: =IF(AE27+AI27>1,1,0) -> 1 | AR27: =IF(AE27+AK27>1,1,0) -> 1 | AS27: =IF(AP27+AE27>1,1,0) -> 1 | AT27: =IF(AQ27=1,MIN(U27:V27)-MIN(O27:T27),"na") -> 8 | AU27: =IF(AR27=1,MAX(W27)-MIN(O27:T27),"na") -> 10 | AV27: =IF(AS27=1,+Z27-MIN(O27:T27),"na") -> 26 | AW27: =IF(AE27>0,DATE(1900,MONTH(MIN(O27:T27)),DAY(MIN(O27:T27))),"na") -> 127 | AX27: =IF(AG27>0,DATE(1900,MONTH(MIN(S27:T27)),DAY(MIN(S27:T27))),"na") -> 129 | AY27: =IF(AI27>0,DATE(1900,MONTH(MIN(U27:V27)),DAY(MIN(U27:V27))),"na") -> 135 | AZ27: =IF(AK27>0,DATE(1900,MONTH(MIN(W27)),DAY(MIN(W27))),"na") -> 137 | BA27: =IF(AM27>0,DATE(1900,MONTH(MIN(X27)),DAY(MIN(X27))),"na") -> na | BB27: =IF(AO27>0,DATE(1900,MONTH(MIN(Y27)),DAY(MIN(Y27))),"na") -> 152 | BC27: =IF(AP27>0,DATE(1900,MONTH(Z27),DAY(Z27)),"na") -> 153 | BD27: =IF(BD$1-$AW27>$CK$1,1,0) -> 0 | BE27: =IF(BE$1-$AW27>$CK$1,1,0) -> 0 | BF27: =IF(BF$1-$AW27>$CK$1,1,0) -> 0 | BG27: =IF(BG$1-$AW27>$CK$1,1,0) -> 0 | BH27: =IF(BH$1-$AW27>$CK$1,1,0) -> 0 | BI27: =IF(BI$1-$AW27>$CK$1,1,0) -> 0 | BJ27: =IF(BJ$1-$AW27>$CK$1,1,0) -> 0 | BK27: =IF(BK$1-$AW27>$CK$1,1,0) -> 0 | ... BR27: =IF(BR$1-$AW27>$CK$1,1,0) -> 1 | BS27: =IF(AND(BD27=1,$AP27=1),1,0) -> 0 | BT27: =IF(AND(BE27=1,$AP27=1),1,0) -> 0 | BU27: =IF(AND(BF27=1,$AP27=1),1,0) -> 0 | BV27: =IF(AND(BG27=1,$AP27=1),1,0) -> 0 | BW27: =IF(AND(BH27=1,$AP27=1),1,0) -> 0 | BX27: =IF(AND(BI27=1,$AP27=1),1,0) -> 0 | BY27: =IF(AND(BJ27=1,$AP27=1),1,0) -> 0 | BZ27: =IF(AND(BK27=1,$AP27=1),1,0) -> 0 | ... CG27: =IF(AND(BR27=1,$AP27=1),1,0) -> 1
A28: 3DD.003E411BB4 | B28: 11H | C28: 2023 | D28: 2025 | E28: Clearwater Hatchery | F28: CLEARWATER | G28: CLEARC - Clear Creek | H28: CLEARC | I28: AD | L28: RAL | M28: 73.96 | N28: 1 | Q28: 46160 | R28: 46160 | S28: 46162 | V28: 46169 | X28: 46172 | Y28: 46173 | Z28: 46176 | AA28: 2026 | AB28: Jack | AC28: CFH-Clear Cr. | AD28: =IF(COUNT(O28:Z28)>0,1,0) -> 1 | AE28: =IF(COUNT(O28:T28)>0,1,0) -> 1 | AF28: =IF(COUNT(S28:Z28)>0,1,0) -> 1 | AG28: =IF(COUNT(S28:T28)>0,1,0) -> 1 | AH28: =IF(COUNT(U28:Z28)>0,1,0) -> 1 | AI28: =IF(COUNT(U28:V28)>0,1,0) -> 1 | AJ28: =IF(COUNT(W28:Z28)>0,1,0) -> 1 | AK28: =IF(COUNT(W28)>0,1,0) -> 0 | AL28: =IF(COUNT(X28:Z28)>0,1,0) -> 1 | AM28: =IF(COUNT(X28)>0,1,0) -> 1 | AN28: =IF(COUNT(Y28:Z28)>0,1,0) -> 1 | AO28: =IF(COUNT(Y28)>0,1,0) -> 1 | AP28: =IF(COUNT(Z28)>0,1,0) -> 1 | AQ28: =IF(AE28+AI28>1,1,0) -> 1 | AR28: =IF(AE28+AK28>1,1,0) -> 0 | AS28: =IF(AP28+AE28>1,1,0) -> 1 | AT28: =IF(AQ28=1,MIN(U28:V28)-MIN(O28:T28),"na") -> 9 | AU28: =IF(AR28=1,MAX(W28)-MIN(O28:T28),"na") -> na | AV28: =IF(AS28=1,+Z28-MIN(O28:T28),"na") -> 16 | AW28: =IF(AE28>0,DATE(1900,MONTH(MIN(O28:T28)),DAY(MIN(O28:T28))),"na") -> 139 | AX28: =IF(AG28>0,DATE(1900,MONTH(MIN(S28:T28)),DAY(MIN(S28:T28))),"na") -> 141 | AY28: =IF(AI28>0,DATE(1900,MONTH(MIN(U28:V28)),DAY(MIN(U28:V28))),"na") -> 148 | AZ28: =IF(AK28>0,DATE(1900,MONTH(MIN(W28)),DAY(MIN(W28))),"na") -> na | BA28: =IF(AM28>0,DATE(1900,MONTH(MIN(X28)),DAY(MIN(X28))),"na") -> 151 | BB28: =IF(AO28>0,DATE(1900,MONTH(MIN(Y28)),DAY(MIN(Y28))),"na") -> 152 | BC28: =IF(AP28>0,DATE(1900,MONTH(Z28),DAY(Z28)),"na") -> 155 | BD28: =IF(BD$1-$AW28>$CK$1,1,0) -> 0 | BE28: =IF(BE$1-$AW28>$CK$1,1,0) -> 0 | BF28: =IF(BF$1-$AW28>$CK$1,1,0) -> 0 | BG28: =IF(BG$1-$AW28>$CK$1,1,0) -> 0 | BH28: =IF(BH$1-$AW28>$CK$1,1,0) -> 0 | BI28: =IF(BI$1-$AW28>$CK$1,1,0) -> 0 | BJ28: =IF(BJ$1-$AW28>$CK$1,1,0) -> 0 | BK28: =IF(BK$1-$AW28>$CK$1,1,0) -> 0 | ... BR28: =IF(BR$1-$AW28>$CK$1,1,0) -> 1 | BS28: =IF(AND(BD28=1,$AP28=1),1,0) -> 0 | BT28: =IF(AND(BE28=1,$AP28=1),1,0) -> 0 | BU28: =IF(AND(BF28=1,$AP28=1),1,0) -> 0 | BV28: =IF(AND(BG28=1,$AP28=1),1,0) -> 0 | BW28: =IF(AND(BH28=1,$AP28=1),1,0) -> 0 | BX28: =IF(AND(BI28=1,$AP28=1),1,0) -> 0 | BY28: =IF(AND(BJ28=1,$AP28=1),1,0) -> 0 | BZ28: =IF(AND(BK28=1,$AP28=1),1,0) -> 0 | ... CG28: =IF(AND(BR28=1,$AP28=1),1,0) -> 1
A29: 3DD.003E350B36 | B29: 11H | C29: 2023 | D29: 2025 | E29: Rapid River Hatchery | F29: RAPID RIVER | G29: RAPH - Rapid River Hatchery | H29: RAPH | I29: AD | L29: RAL | M29: 74.25 | N29: 1 | R29: 46149 | S29: 46151 | AA29: 2026 | AB29: Jack | AC29: Rapid River | AD29: =IF(COUNT(O29:Z29)>0,1,0) -> 1 | AE29: =IF(COUNT(O29:T29)>0,1,0) -> 1 | AF29: =IF(COUNT(S29:Z29)>0,1,0) -> 1 | AG29: =IF(COUNT(S29:T29)>0,1,0) -> 1 | AH29: =IF(COUNT(U29:Z29)>0,1,0) -> 0 | AI29: =IF(COUNT(U29:V29)>0,1,0) -> 0 | AJ29: =IF(COUNT(W29:Z29)>0,1,0) -> 0 | AK29: =IF(COUNT(W29)>0,1,0) -> 0 | AL29: =IF(COUNT(X29:Z29)>0,1,0) -> 0 | AM29: =IF(COUNT(X29)>0,1,0) -> 0 | AN29: =IF(COUNT(Y29:Z29)>0,1,0) -> 0 | AO29: =IF(COUNT(Y29)>0,1,0) -> 0 | AP29: =IF(COUNT(Z29)>0,1,0) -> 0 | AQ29: =IF(AE29+AI29>1,1,0) -> 0 | AR29: =IF(AE29+AK29>1,1,0) -> 0 | AS29: =IF(AP29+AE29>1,1,0) -> 0 | AT29: =IF(AQ29=1,MIN(U29:V29)-MIN(O29:T29),"na") -> na | AU29: =IF(AR29=1,MAX(W29)-MIN(O29:T29),"na") -> na | AV29: =IF(AS29=1,+Z29-MIN(O29:T29),"na") -> na | AW29: =IF(AE29>0,DATE(1900,MONTH(MIN(O29:T29)),DAY(MIN(O29:T29))),"na") -> 128 | AX29: =IF(AG29>0,DATE(1900,MONTH(MIN(S29:T29)),DAY(MIN(S29:T29))),"na") -> 130 | AY29: =IF(AI29>0,DATE(1900,MONTH(MIN(U29:V29)),DAY(MIN(U29:V29))),"na") -> na | AZ29: =IF(AK29>0,DATE(1900,MONTH(MIN(W29)),DAY(MIN(W29))),"na") -> na | BA29: =IF(AM29>0,DATE(1900,MONTH(MIN(X29)),DAY(MIN(X29))),"na") -> na | BB29: =IF(AO29>0,DATE(1900,MONTH(MIN(Y29)),DAY(MIN(Y29))),"na") -> na | BC29: =IF(AP29>0,DATE(1900,MONTH(Z29),DAY(Z29)),"na") -> na | BD29: =IF(BD$1-$AW29>$CK$1,1,0) -> 0 | BE29: =IF(BE$1-$AW29>$CK$1,1,0) -> 0 | BF29: =IF(BF$1-$AW29>$CK$1,1,0) -> 0 | BG29: =IF(BG$1-$AW29>$CK$1,1,0) -> 0 | BH29: =IF(BH$1-$AW29>$CK$1,1,0) -> 0 | BI29: =IF(BI$1-$AW29>$CK$1,1,0) -> 0 | BJ29: =IF(BJ$1-$AW29>$CK$1,1,0) -> 0 | BK29: =IF(BK$1-$AW29>$CK$1,1,0) -> 0 | ... BR29: =IF(BR$1-$AW29>$CK$1,1,0) -> 1 | BS29: =IF(AND(BD29=1,$AP29=1),1,0) -> 0 | BT29: =IF(AND(BE29=1,$AP29=1),1,0) -> 0 | BU29: =IF(AND(BF29=1,$AP29=1),1,0) -> 0 | BV29: =IF(AND(BG29=1,$AP29=1),1,0) -> 0 | BW29: =IF(AND(BH29=1,$AP29=1),1,0) -> 0 | BX29: =IF(AND(BI29=1,$AP29=1),1,0) -> 0 | BY29: =IF(AND(BJ29=1,$AP29=1),1,0) -> 0 | BZ29: =IF(AND(BK29=1,$AP29=1),1,0) -> 0 | ... CG29: =IF(AND(BR29=1,$AP29=1),1,0) -> 0
A30: 3DD.003E34FE76 | B30: 11H | C30: 2023 | D30: 2025 | E30: Rapid River Hatchery | F30: RAPID RIVER | G30: RAPH - Rapid River Hatchery | H30: RAPH | I30: AD | L30: RAL | M30: 74.25 | N30: 1 | R30: 46164 | S30: 46166 | U30: 46169 | W30: 46171 | X30: 46173 | Y30: 46174 | Z30: 46175 | AA30: 2026 | AB30: Jack | AC30: Rapid River | AD30: =IF(COUNT(O30:Z30)>0,1,0) -> 1 | AE30: =IF(COUNT(O30:T30)>0,1,0) -> 1 | AF30: =IF(COUNT(S30:Z30)>0,1,0) -> 1 | AG30: =IF(COUNT(S30:T30)>0,1,0) -> 1 | AH30: =IF(COUNT(U30:Z30)>0,1,0) -> 1 | AI30: =IF(COUNT(U30:V30)>0,1,0) -> 1 | AJ30: =IF(COUNT(W30:Z30)>0,1,0) -> 1 | AK30: =IF(COUNT(W30)>0,1,0) -> 1 | AL30: =IF(COUNT(X30:Z30)>0,1,0) -> 1 | AM30: =IF(COUNT(X30)>0,1,0) -> 1 | AN30: =IF(COUNT(Y30:Z30)>0,1,0) -> 1 | AO30: =IF(COUNT(Y30)>0,1,0) -> 1 | AP30: =IF(COUNT(Z30)>0,1,0) -> 1 | AQ30: =IF(AE30+AI30>1,1,0) -> 1 | AR30: =IF(AE30+AK30>1,1,0) -> 1 | AS30: =IF(AP30+AE30>1,1,0) -> 1 | AT30: =IF(AQ30=1,MIN(U30:V30)-MIN(O30:T30),"na") -> 5 | AU30: =IF(AR30=1,MAX(W30)-MIN(O30:T30),"na") -> 7 | AV30: =IF(AS30=1,+Z30-MIN(O30:T30),"na") -> 11 | AW30: =IF(AE30>0,DATE(1900,MONTH(MIN(O30:T30)),DAY(MIN(O30:T30))),"na") -> 143 | AX30: =IF(AG30>0,DATE(1900,MONTH(MIN(S30:T30)),DAY(MIN(S30:T30))),"na") -> 145 | AY30: =IF(AI30>0,DATE(1900,MONTH(MIN(U30:V30)),DAY(MIN(U30:V30))),"na") -> 148 | AZ30: =IF(AK30>0,DATE(1900,MONTH(MIN(W30)),DAY(MIN(W30))),"na") -> 150 | BA30: =IF(AM30>0,DATE(1900,MONTH(MIN(X30)),DAY(MIN(X30))),"na") -> 152 | BB30: =IF(AO30>0,DATE(1900,MONTH(MIN(Y30)),DAY(MIN(Y30))),"na") -> 153 | BC30: =IF(AP30>0,DATE(1900,MONTH(Z30),DAY(Z30)),"na") -> 154 | BD30: =IF(BD$1-$AW30>$CK$1,1,0) -> 0 | BE30: =IF(BE$1-$AW30>$CK$1,1,0) -> 0 | BF30: =IF(BF$1-$AW30>$CK$1,1,0) -> 0 | BG30: =IF(BG$1-$AW30>$CK$1,1,0) -> 0 | BH30: =IF(BH$1-$AW30>$CK$1,1,0) -> 0 | BI30: =IF(BI$1-$AW30>$CK$1,1,0) -> 0 | BJ30: =IF(BJ$1-$AW30>$CK$1,1,0) -> 0 | BK30: =IF(BK$1-$AW30>$CK$1,1,0) -> 0 | ... BR30: =IF(BR$1-$AW30>$CK$1,1,0) -> 1 | BS30: =IF(AND(BD30=1,$AP30=1),1,0) -> 0 | BT30: =IF(AND(BE30=1,$AP30=1),1,0) -> 0 | BU30: =IF(AND(BF30=1,$AP30=1),1,0) -> 0 | BV30: =IF(AND(BG30=1,$AP30=1),1,0) -> 0 | BW30: =IF(AND(BH30=1,$AP30=1),1,0) -> 0 | BX30: =IF(AND(BI30=1,$AP30=1),1,0) -> 0 | BY30: =IF(AND(BJ30=1,$AP30=1),1,0) -> 0 | BZ30: =IF(AND(BK30=1,$AP30=1),1,0) -> 0 | ... CG30: =IF(AND(BR30=1,$AP30=1),1,0) -> 1
A31: 3DD.003E34E721 | B31: 11H | C31: 2023 | D31: 2025 | E31: Rapid River Hatchery | F31: RAPID RIVER | G31: RAPH - Rapid River Hatchery | H31: RAPH | I31: AD | L31: RAL | M31: 74.25 | N31: 1 | O31: 46159 | S31: 46161 | U31: 46164 | W31: 46166 | X31: 46169 | Y31: 46170 | Z31: 46171 | AA31: 2026 | AB31: Jack | AC31: Rapid River | AD31: =IF(COUNT(O31:Z31)>0,1,0) -> 1 | AE31: =IF(COUNT(O31:T31)>0,1,0) -> 1 | AF31: =IF(COUNT(S31:Z31)>0,1,0) -> 1 | AG31: =IF(COUNT(S31:T31)>0,1,0) -> 1 | AH31: =IF(COUNT(U31:Z31)>0,1,0) -> 1 | AI31: =IF(COUNT(U31:V31)>0,1,0) -> 1 | AJ31: =IF(COUNT(W31:Z31)>0,1,0) -> 1 | AK31: =IF(COUNT(W31)>0,1,0) -> 1 | AL31: =IF(COUNT(X31:Z31)>0,1,0) -> 1 | AM31: =IF(COUNT(X31)>0,1,0) -> 1 | AN31: =IF(COUNT(Y31:Z31)>0,1,0) -> 1 | AO31: =IF(COUNT(Y31)>0,1,0) -> 1 | AP31: =IF(COUNT(Z31)>0,1,0) -> 1 | AQ31: =IF(AE31+AI31>1,1,0) -> 1 | AR31: =IF(AE31+AK31>1,1,0) -> 1 | AS31: =IF(AP31+AE31>1,1,0) -> 1 | AT31: =IF(AQ31=1,MIN(U31:V31)-MIN(O31:T31),"na") -> 5 | AU31: =IF(AR31=1,MAX(W31)-MIN(O31:T31),"na") -> 7 | AV31: =IF(AS31=1,+Z31-MIN(O31:T31),"na") -> 12 | AW31: =IF(AE31>0,DATE(1900,MONTH(MIN(O31:T31)),DAY(MIN(O31:T31))),"na") -> 138 | AX31: =IF(AG31>0,DATE(1900,MONTH(MIN(S31:T31)),DAY(MIN(S31:T31))),"na") -> 140 | AY31: =IF(AI31>0,DATE(1900,MONTH(MIN(U31:V31)),DAY(MIN(U31:V31))),"na") -> 143 | AZ31: =IF(AK31>0,DATE(1900,MONTH(MIN(W31)),DAY(MIN(W31))),"na") -> 145 | BA31: =IF(AM31>0,DATE(1900,MONTH(MIN(X31)),DAY(MIN(X31))),"na") -> 148 | BB31: =IF(AO31>0,DATE(1900,MONTH(MIN(Y31)),DAY(MIN(Y31))),"na") -> 149 | BC31: =IF(AP31>0,DATE(1900,MONTH(Z31),DAY(Z31)),"na") -> 150 | BD31: =IF(BD$1-$AW31>$CK$1,1,0) -> 0 | BE31: =IF(BE$1-$AW31>$CK$1,1,0) -> 0 | BF31: =IF(BF$1-$AW31>$CK$1,1,0) -> 0 | BG31: =IF(BG$1-$AW31>$CK$1,1,0) -> 0 | BH31: =IF(BH$1-$AW31>$CK$1,1,0) -> 0 | BI31: =IF(BI$1-$AW31>$CK$1,1,0) -> 0 | BJ31: =IF(BJ$1-$AW31>$CK$1,1,0) -> 0 | BK31: =IF(BK$1-$AW31>$CK$1,1,0) -> 0 | ... BR31: =IF(BR$1-$AW31>$CK$1,1,0) -> 1 | BS31: =IF(AND(BD31=1,$AP31=1),1,0) -> 0 | BT31: =IF(AND(BE31=1,$AP31=1),1,0) -> 0 | BU31: =IF(AND(BF31=1,$AP31=1),1,0) -> 0 | BV31: =IF(AND(BG31=1,$AP31=1),1,0) -> 0 | BW31: =IF(AND(BH31=1,$AP31=1),1,0) -> 0 | BX31: =IF(AND(BI31=1,$AP31=1),1,0) -> 0 | BY31: =IF(AND(BJ31=1,$AP31=1),1,0) -> 0 | BZ31: =IF(AND(BK31=1,$AP31=1),1,0) -> 0 | ... CG31: =IF(AND(BR31=1,$AP31=1),1,0) -> 1
A32: 3DD.003E34ABA8 | B32: 12H | C32: 2023 | D32: 2025 | E32: McCall Hatchery | F32: SF SALMON | G32: KNOXB - Knox Bridge, SF Salmon River | H32: KNOXB | I32: AD | L32: RAL | M32: 50.77 | N32: 1 | Q32: 46199 | R32: 46199 | S32: 46200 | AA32: 2026 | AB32: Jack | AC32: McCall-Segregated | AD32: =IF(COUNT(O32:Z32)>0,1,0) -> 1 | AE32: =IF(COUNT(O32:T32)>0,1,0) -> 1 | AF32: =IF(COUNT(S32:Z32)>0,1,0) -> 1 | AG32: =IF(COUNT(S32:T32)>0,1,0) -> 1 | AH32: =IF(COUNT(U32:Z32)>0,1,0) -> 0 | AI32: =IF(COUNT(U32:V32)>0,1,0) -> 0 | AJ32: =IF(COUNT(W32:Z32)>0,1,0) -> 0 | AK32: =IF(COUNT(W32)>0,1,0) -> 0 | AL32: =IF(COUNT(X32:Z32)>0,1,0) -> 0 | AM32: =IF(COUNT(X32)>0,1,0) -> 0 | AN32: =IF(COUNT(Y32:Z32)>0,1,0) -> 0 | AO32: =IF(COUNT(Y32)>0,1,0) -> 0 | AP32: =IF(COUNT(Z32)>0,1,0) -> 0 | AQ32: =IF(AE32+AI32>1,1,0) -> 0 | AR32: =IF(AE32+AK32>1,1,0) -> 0 | AS32: =IF(AP32+AE32>1,1,0) -> 0 | AT32: =IF(AQ32=1,MIN(U32:V32)-MIN(O32:T32),"na") -> na | AU32: =IF(AR32=1,MAX(W32)-MIN(O32:T32),"na") -> na | AV32: =IF(AS32=1,+Z32-MIN(O32:T32),"na") -> na | AW32: =IF(AE32>0,DATE(1900,MONTH(MIN(O32:T32)),DAY(MIN(O32:T32))),"na") -> 178 | AX32: =IF(AG32>0,DATE(1900,MONTH(MIN(S32:T32)),DAY(MIN(S32:T32))),"na") -> 179 | AY32: =IF(AI32>0,DATE(1900,MONTH(MIN(U32:V32)),DAY(MIN(U32:V32))),"na") -> na | AZ32: =IF(AK32>0,DATE(1900,MONTH(MIN(W32)),DAY(MIN(W32))),"na") -> na | BA32: =IF(AM32>0,DATE(1900,MONTH(MIN(X32)),DAY(MIN(X32))),"na") -> na | BB32: =IF(AO32>0,DATE(1900,MONTH(MIN(Y32)),DAY(MIN(Y32))),"na") -> na | BC32: =IF(AP32>0,DATE(1900,MONTH(Z32),DAY(Z32)),"na") -> na | BD32: =IF(BD$1-$AW32>$CK$1,1,0) -> 0 | BE32: =IF(BE$1-$AW32>$CK$1,1,0) -> 0 | BF32: =IF(BF$1-$AW32>$CK$1,1,0) -> 0 | BG32: =IF(BG$1-$AW32>$CK$1,1,0) -> 0 | BH32: =IF(BH$1-$AW32>$CK$1,1,0) -> 0 | BI32: =IF(BI$1-$AW32>$CK$1,1,0) -> 0 | BJ32: =IF(BJ$1-$AW32>$CK$1,1,0) -> 0 | BK32: =IF(BK$1-$AW32>$CK$1,1,0) -> 0 | ... BR32: =IF(BR$1-$AW32>$CK$1,1,0) -> 0 | BS32: =IF(AND(BD32=1,$AP32=1),1,0) -> 0 | BT32: =IF(AND(BE32=1,$AP32=1),1,0) -> 0 | BU32: =IF(AND(BF32=1,$AP32=1),1,0) -> 0 | BV32: =IF(AND(BG32=1,$AP32=1),1,0) -> 0 | BW32: =IF(AND(BH32=1,$AP32=1),1,0) -> 0 | BX32: =IF(AND(BI32=1,$AP32=1),1,0) -> 0 | BY32: =IF(AND(BJ32=1,$AP32=1),1,0) -> 0 | BZ32: =IF(AND(BK32=1,$AP32=1),1,0) -> 0 | ... CG32: =IF(AND(BR32=1,$AP32=1),1,0) -> 0
A33: 3DD.003E53CC57 | B33: 11H | C33: 2023 | D33: 2025 | E33: Rapid River Hatchery | F33: RAPID RIVER | G33: RAPH - Rapid River Hatchery | H33: RAPH | I33: AD | L33: RAL | M33: 74.25 | N33: 1 | O33: 46151 | T33: 46152 | U33: 46155 | W33: 46156 | AA33: 2026 | AB33: Jack | AC33: Rapid River | AD33: =IF(COUNT(O33:Z33)>0,1,0) -> 1 | AE33: =IF(COUNT(O33:T33)>0,1,0) -> 1 | AF33: =IF(COUNT(S33:Z33)>0,1,0) -> 1 | AG33: =IF(COUNT(S33:T33)>0,1,0) -> 1 | AH33: =IF(COUNT(U33:Z33)>0,1,0) -> 1 | AI33: =IF(COUNT(U33:V33)>0,1,0) -> 1 | AJ33: =IF(COUNT(W33:Z33)>0,1,0) -> 1 | AK33: =IF(COUNT(W33)>0,1,0) -> 1 | AL33: =IF(COUNT(X33:Z33)>0,1,0) -> 0 | AM33: =IF(COUNT(X33)>0,1,0) -> 0 | AN33: =IF(COUNT(Y33:Z33)>0,1,0) -> 0 | AO33: =IF(COUNT(Y33)>0,1,0) -> 0 | AP33: =IF(COUNT(Z33)>0,1,0) -> 0 | AQ33: =IF(AE33+AI33>1,1,0) -> 1 | AR33: =IF(AE33+AK33>1,1,0) -> 1 | AS33: =IF(AP33+AE33>1,1,0) -> 0 | AT33: =IF(AQ33=1,MIN(U33:V33)-MIN(O33:T33),"na") -> 4 | AU33: =IF(AR33=1,MAX(W33)-MIN(O33:T33),"na") -> 5 | AV33: =IF(AS33=1,+Z33-MIN(O33:T33),"na") -> na | AW33: =IF(AE33>0,DATE(1900,MONTH(MIN(O33:T33)),DAY(MIN(O33:T33))),"na") -> 130 | AX33: =IF(AG33>0,DATE(1900,MONTH(MIN(S33:T33)),DAY(MIN(S33:T33))),"na") -> 131 | AY33: =IF(AI33>0,DATE(1900,MONTH(MIN(U33:V33)),DAY(MIN(U33:V33))),"na") -> 134 | AZ33: =IF(AK33>0,DATE(1900,MONTH(MIN(W33)),DAY(MIN(W33))),"na") -> 135 | BA33: =IF(AM33>0,DATE(1900,MONTH(MIN(X33)),DAY(MIN(X33))),"na") -> na | BB33: =IF(AO33>0,DATE(1900,MONTH(MIN(Y33)),DAY(MIN(Y33))),"na") -> na | BC33: =IF(AP33>0,DATE(1900,MONTH(Z33),DAY(Z33)),"na") -> na | BD33: =IF(BD$1-$AW33>$CK$1,1,0) -> 0 | BE33: =IF(BE$1-$AW33>$CK$1,1,0) -> 0 | BF33: =IF(BF$1-$AW33>$CK$1,1,0) -> 0 | BG33: =IF(BG$1-$AW33>$CK$1,1,0) -> 0 | BH33: =IF(BH$1-$AW33>$CK$1,1,0) -> 0 | BI33: =IF(BI$1-$AW33>$CK$1,1,0) -> 0 | BJ33: =IF(BJ$1-$AW33>$CK$1,1,0) -> 0 | BK33: =IF(BK$1-$AW33>$CK$1,1,0) -> 0 | ... BR33: =IF(BR$1-$AW33>$CK$1,1,0) -> 1 | BS33: =IF(AND(BD33=1,$AP33=1),1,0) -> 0 | BT33: =IF(AND(BE33=1,$AP33=1),1,0) -> 0 | BU33: =IF(AND(BF33=1,$AP33=1),1,0) -> 0 | BV33: =IF(AND(BG33=1,$AP33=1),1,0) -> 0 | BW33: =IF(AND(BH33=1,$AP33=1),1,0) -> 0 | BX33: =IF(AND(BI33=1,$AP33=1),1,0) -> 0 | BY33: =IF(AND(BJ33=1,$AP33=1),1,0) -> 0 | BZ33: =IF(AND(BK33=1,$AP33=1),1,0) -> 0 | ... CG33: =IF(AND(BR33=1,$AP33=1),1,0) -> 0
A34: 3DD.003E0959F0 | B34: 11H | C34: 2023 | D34: 2025 | E34: Sawtooth Hatchery | F34: SALMON R | G34: SAWT - Sawtooth Hatchery | H34: SAWT | I34: AD | L34: RTR | M34: 1 | N34: 1 | O34: 46189 | T34: 46191 | U34: 46195 | W34: 46197 | X34: 46200 | AA34: 2026 | AB34: Jack | AC34: Sawtooth-Segregated | AD34: =IF(COUNT(O34:Z34)>0,1,0) -> 1 | AE34: =IF(COUNT(O34:T34)>0,1,0) -> 1 | AF34: =IF(COUNT(S34:Z34)>0,1,0) -> 1 | AG34: =IF(COUNT(S34:T34)>0,1,0) -> 1 | AH34: =IF(COUNT(U34:Z34)>0,1,0) -> 1 | AI34: =IF(COUNT(U34:V34)>0,1,0) -> 1 | AJ34: =IF(COUNT(W34:Z34)>0,1,0) -> 1 | AK34: =IF(COUNT(W34)>0,1,0) -> 1 | AL34: =IF(COUNT(X34:Z34)>0,1,0) -> 1 | AM34: =IF(COUNT(X34)>0,1,0) -> 1 | AN34: =IF(COUNT(Y34:Z34)>0,1,0) -> 0 | AO34: =IF(COUNT(Y34)>0,1,0) -> 0 | AP34: =IF(COUNT(Z34)>0,1,0) -> 0 | AQ34: =IF(AE34+AI34>1,1,0) -> 1 | AR34: =IF(AE34+AK34>1,1,0) -> 1 | AS34: =IF(AP34+AE34>1,1,0) -> 0 | AT34: =IF(AQ34=1,MIN(U34:V34)-MIN(O34:T34),"na") -> 6 | AU34: =IF(AR34=1,MAX(W34)-MIN(O34:T34),"na") -> 8 | AV34: =IF(AS34=1,+Z34-MIN(O34:T34),"na") -> na | AW34: =IF(AE34>0,DATE(1900,MONTH(MIN(O34:T34)),DAY(MIN(O34:T34))),"na") -> 168 | AX34: =IF(AG34>0,DATE(1900,MONTH(MIN(S34:T34)),DAY(MIN(S34:T34))),"na") -> 170 | AY34: =IF(AI34>0,DATE(1900,MONTH(MIN(U34:V34)),DAY(MIN(U34:V34))),"na") -> 174 | AZ34: =IF(AK34>0,DATE(1900,MONTH(MIN(W34)),DAY(MIN(W34))),"na") -> 176 | BA34: =IF(AM34>0,DATE(1900,MONTH(MIN(X34)),DAY(MIN(X34))),"na") -> 179 | BB34: =IF(AO34>0,DATE(1900,MONTH(MIN(Y34)),DAY(MIN(Y34))),"na") -> na | BC34: =IF(AP34>0,DATE(1900,MONTH(Z34),DAY(Z34)),"na") -> na | BD34: =IF(BD$1-$AW34>$CK$1,1,0) -> 0 | BE34: =IF(BE$1-$AW34>$CK$1,1,0) -> 0 | BF34: =IF(BF$1-$AW34>$CK$1,1,0) -> 0 | BG34: =IF(BG$1-$AW34>$CK$1,1,0) -> 0 | BH34: =IF(BH$1-$AW34>$CK$1,1,0) -> 0 | BI34: =IF(BI$1-$AW34>$CK$1,1,0) -> 0 | BJ34: =IF(BJ$1-$AW34>$CK$1,1,0) -> 0 | BK34: =IF(BK$1-$AW34>$CK$1,1,0) -> 0 | ... BR34: =IF(BR$1-$AW34>$CK$1,1,0) -> 1 | BS34: =IF(AND(BD34=1,$AP34=1),1,0) -> 0 | BT34: =IF(AND(BE34=1,$AP34=1),1,0) -> 0 | BU34: =IF(AND(BF34=1,$AP34=1),1,0) -> 0 | BV34: =IF(AND(BG34=1,$AP34=1),1,0) -> 0 | BW34: =IF(AND(BH34=1,$AP34=1),1,0) -> 0 | BX34: =IF(AND(BI34=1,$AP34=1),1,0) -> 0 | BY34: =IF(AND(BJ34=1,$AP34=1),1,0) -> 0 | BZ34: =IF(AND(BK34=1,$AP34=1),1,0) -> 0 | ... CG34: =IF(AND(BR34=1,$AP34=1),1,0) -> 0
A35: 3DD.003E2F9700 | B35: 12H | C35: 2023 | D35: 2025 | E35: McCall Hatchery | F35: SF SALMON | G35: KNOXB - Knox Bridge, SF Salmon River | H35: KNOXB | I35: AD | L35: RAL | M35: 50.77 | N35: 1 | P35: 46197 | R35: 46198 | S35: 46199 | AA35: 2026 | AB35: Jack | AC35: McCall-Segregated | AD35: =IF(COUNT(O35:Z35)>0,1,0) -> 1 | AE35: =IF(COUNT(O35:T35)>0,1,0) -> 1 | AF35: =IF(COUNT(S35:Z35)>0,1,0) -> 1 | AG35: =IF(COUNT(S35:T35)>0,1,0) -> 1 | AH35: =IF(COUNT(U35:Z35)>0,1,0) -> 0 | AI35: =IF(COUNT(U35:V35)>0,1,0) -> 0 | AJ35: =IF(COUNT(W35:Z35)>0,1,0) -> 0 | AK35: =IF(COUNT(W35)>0,1,0) -> 0 | AL35: =IF(COUNT(X35:Z35)>0,1,0) -> 0 | AM35: =IF(COUNT(X35)>0,1,0) -> 0 | AN35: =IF(COUNT(Y35:Z35)>0,1,0) -> 0 | AO35: =IF(COUNT(Y35)>0,1,0) -> 0 | AP35: =IF(COUNT(Z35)>0,1,0) -> 0 | AQ35: =IF(AE35+AI35>1,1,0) -> 0 | AR35: =IF(AE35+AK35>1,1,0) -> 0 | AS35: =IF(AP35+AE35>1,1,0) -> 0 | AT35: =IF(AQ35=1,MIN(U35:V35)-MIN(O35:T35),"na") -> na | AU35: =IF(AR35=1,MAX(W35)-MIN(O35:T35),"na") -> na | AV35: =IF(AS35=1,+Z35-MIN(O35:T35),"na") -> na | AW35: =IF(AE35>0,DATE(1900,MONTH(MIN(O35:T35)),DAY(MIN(O35:T35))),"na") -> 176 | AX35: =IF(AG35>0,DATE(1900,MONTH(MIN(S35:T35)),DAY(MIN(S35:T35))),"na") -> 178 | AY35: =IF(AI35>0,DATE(1900,MONTH(MIN(U35:V35)),DAY(MIN(U35:V35))),"na") -> na | AZ35: =IF(AK35>0,DATE(1900,MONTH(MIN(W35)),DAY(MIN(W35))),"na") -> na | BA35: =IF(AM35>0,DATE(1900,MONTH(MIN(X35)),DAY(MIN(X35))),"na") -> na | BB35: =IF(AO35>0,DATE(1900,MONTH(MIN(Y35)),DAY(MIN(Y35))),"na") -> na | BC35: =IF(AP35>0,DATE(1900,MONTH(Z35),DAY(Z35)),"na") -> na | BD35: =IF(BD$1-$AW35>$CK$1,1,0) -> 0 | BE35: =IF(BE$1-$AW35>$CK$1,1,0) -> 0 | BF35: =IF(BF$1-$AW35>$CK$1,1,0) -> 0 | BG35: =IF(BG$1-$AW35>$CK$1,1,0) -> 0 | BH35: =IF(BH$1-$AW35>$CK$1,1,0) -> 0 | BI35: =IF(BI$1-$AW35>$CK$1,1,0) -> 0 | BJ35: =IF(BJ$1-$AW35>$CK$1,1,0) -> 0 | BK35: =IF(BK$1-$AW35>$CK$1,1,0) -> 0 | ... BR35: =IF(BR$1-$AW35>$CK$1,1,0) -> 0 | BS35: =IF(AND(BD35=1,$AP35=1),1,0) -> 0 | BT35: =IF(AND(BE35=1,$AP35=1),1,0) -> 0 | BU35: =IF(AND(BF35=1,$AP35=1),1,0) -> 0 | BV35: =IF(AND(BG35=1,$AP35=1),1,0) -> 0 | BW35: =IF(AND(BH35=1,$AP35=1),1,0) -> 0 | BX35: =IF(AND(BI35=1,$AP35=1),1,0) -> 0 | BY35: =IF(AND(BJ35=1,$AP35=1),1,0) -> 0 | BZ35: =IF(AND(BK35=1,$AP35=1),1,0) -> 0 | ... CG35: =IF(AND(BR35=1,$AP35=1),1,0) -> 0
A36: 3DD.003E2F962B | B36: 12H | C36: 2023 | D36: 2025 | E36: McCall Hatchery | F36: SF SALMON | G36: KNOXB - Knox Bridge, SF Salmon River | H36: KNOXB | I36: AD | L36: RAL | M36: 50.77 | N36: 1 | Q36: 46190 | R36: 46190 | S36: 46191 | U36: 46193 | W36: 46195 | X36: 46196 | Y36: 46197 | Z36: 46198 | AA36: 2026 | AB36: Jack | AC36: McCall-Segregated | AD36: =IF(COUNT(O36:Z36)>0,1,0) -> 1 | AE36: =IF(COUNT(O36:T36)>0,1,0) -> 1 | AF36: =IF(COUNT(S36:Z36)>0,1,0) -> 1 | AG36: =IF(COUNT(S36:T36)>0,1,0) -> 1 | AH36: =IF(COUNT(U36:Z36)>0,1,0) -> 1 | AI36: =IF(COUNT(U36:V36)>0,1,0) -> 1 | AJ36: =IF(COUNT(W36:Z36)>0,1,0) -> 1 | AK36: =IF(COUNT(W36)>0,1,0) -> 1 | AL36: =IF(COUNT(X36:Z36)>0,1,0) -> 1 | AM36: =IF(COUNT(X36)>0,1,0) -> 1 | AN36: =IF(COUNT(Y36:Z36)>0,1,0) -> 1 | AO36: =IF(COUNT(Y36)>0,1,0) -> 1 | AP36: =IF(COUNT(Z36)>0,1,0) -> 1 | AQ36: =IF(AE36+AI36>1,1,0) -> 1 | AR36: =IF(AE36+AK36>1,1,0) -> 1 | AS36: =IF(AP36+AE36>1,1,0) -> 1 | AT36: =IF(AQ36=1,MIN(U36:V36)-MIN(O36:T36),"na") -> 3 | AU36: =IF(AR36=1,MAX(W36)-MIN(O36:T36),"na") -> 5 | AV36: =IF(AS36=1,+Z36-MIN(O36:T36),"na") -> 8 | AW36: =IF(AE36>0,DATE(1900,MONTH(MIN(O36:T36)),DAY(MIN(O36:T36))),"na") -> 169 | AX36: =IF(AG36>0,DATE(1900,MONTH(MIN(S36:T36)),DAY(MIN(S36:T36))),"na") -> 170 | AY36: =IF(AI36>0,DATE(1900,MONTH(MIN(U36:V36)),DAY(MIN(U36:V36))),"na") -> 172 | AZ36: =IF(AK36>0,DATE(1900,MONTH(MIN(W36)),DAY(MIN(W36))),"na") -> 174 | BA36: =IF(AM36>0,DATE(1900,MONTH(MIN(X36)),DAY(MIN(X36))),"na") -> 175 | BB36: =IF(AO36>0,DATE(1900,MONTH(MIN(Y36)),DAY(MIN(Y36))),"na") -> 176 | BC36: =IF(AP36>0,DATE(1900,MONTH(Z36),DAY(Z36)),"na") -> 177 | BD36: =IF(BD$1-$AW36>$CK$1,1,0) -> 0 | BE36: =IF(BE$1-$AW36>$CK$1,1,0) -> 0 | BF36: =IF(BF$1-$AW36>$CK$1,1,0) -> 0 | BG36: =IF(BG$1-$AW36>$CK$1,1,0) -> 0 | BH36: =IF(BH$1-$AW36>$CK$1,1,0) -> 0 | BI36: =IF(BI$1-$AW36>$CK$1,1,0) -> 0 | BJ36: =IF(BJ$1-$AW36>$CK$1,1,0) -> 0 | BK36: =IF(BK$1-$AW36>$CK$1,1,0) -> 0 | ... BR36: =IF(BR$1-$AW36>$CK$1,1,0) -> 0 | BS36: =IF(AND(BD36=1,$AP36=1),1,0) -> 0 | BT36: =IF(AND(BE36=1,$AP36=1),1,0) -> 0 | BU36: =IF(AND(BF36=1,$AP36=1),1,0) -> 0 | BV36: =IF(AND(BG36=1,$AP36=1),1,0) -> 0 | BW36: =IF(AND(BH36=1,$AP36=1),1,0) -> 0 | BX36: =IF(AND(BI36=1,$AP36=1),1,0) -> 0 | BY36: =IF(AND(BJ36=1,$AP36=1),1,0) -> 0 | BZ36: =IF(AND(BK36=1,$AP36=1),1,0) -> 0 | ... CG36: =IF(AND(BR36=1,$AP36=1),1,0) -> 0
A37: 3DD.003E2F95AA | B37: 12H | C37: 2023 | D37: 2025 | E37: McCall Hatchery | F37: SF SALMON | G37: KNOXB - Knox Bridge, SF Salmon River | H37: KNOXB | I37: AD | L37: RAL | M37: 50.77 | N37: 1 | Q37: 46180 | R37: 46180 | S37: 46181 | U37: 46184 | V37: 46185 | W37: 46187 | X37: 46188 | Y37: 46190 | Z37: 46191 | AA37: 2026 | AB37: Jack | AC37: McCall-Segregated | AD37: =IF(COUNT(O37:Z37)>0,1,0) -> 1 | AE37: =IF(COUNT(O37:T37)>0,1,0) -> 1 | AF37: =IF(COUNT(S37:Z37)>0,1,0) -> 1 | AG37: =IF(COUNT(S37:T37)>0,1,0) -> 1 | AH37: =IF(COUNT(U37:Z37)>0,1,0) -> 1 | AI37: =IF(COUNT(U37:V37)>0,1,0) -> 1 | AJ37: =IF(COUNT(W37:Z37)>0,1,0) -> 1 | AK37: =IF(COUNT(W37)>0,1,0) -> 1 | AL37: =IF(COUNT(X37:Z37)>0,1,0) -> 1 | AM37: =IF(COUNT(X37)>0,1,0) -> 1 | AN37: =IF(COUNT(Y37:Z37)>0,1,0) -> 1 | AO37: =IF(COUNT(Y37)>0,1,0) -> 1 | AP37: =IF(COUNT(Z37)>0,1,0) -> 1 | AQ37: =IF(AE37+AI37>1,1,0) -> 1 | AR37: =IF(AE37+AK37>1,1,0) -> 1 | AS37: =IF(AP37+AE37>1,1,0) -> 1 | AT37: =IF(AQ37=1,MIN(U37:V37)-MIN(O37:T37),"na") -> 4 | AU37: =IF(AR37=1,MAX(W37)-MIN(O37:T37),"na") -> 7 | AV37: =IF(AS37=1,+Z37-MIN(O37:T37),"na") -> 11 | AW37: =IF(AE37>0,DATE(1900,MONTH(MIN(O37:T37)),DAY(MIN(O37:T37))),"na") -> 159 | AX37: =IF(AG37>0,DATE(1900,MONTH(MIN(S37:T37)),DAY(MIN(S37:T37))),"na") -> 160 | AY37: =IF(AI37>0,DATE(1900,MONTH(MIN(U37:V37)),DAY(MIN(U37:V37))),"na") -> 163 | AZ37: =IF(AK37>0,DATE(1900,MONTH(MIN(W37)),DAY(MIN(W37))),"na") -> 166 | BA37: =IF(AM37>0,DATE(1900,MONTH(MIN(X37)),DAY(MIN(X37))),"na") -> 167 | BB37: =IF(AO37>0,DATE(1900,MONTH(MIN(Y37)),DAY(MIN(Y37))),"na") -> 169 | BC37: =IF(AP37>0,DATE(1900,MONTH(Z37),DAY(Z37)),"na") -> 170 | BD37: =IF(BD$1-$AW37>$CK$1,1,0) -> 0 | BE37: =IF(BE$1-$AW37>$CK$1,1,0) -> 0 | BF37: =IF(BF$1-$AW37>$CK$1,1,0) -> 0 | BG37: =IF(BG$1-$AW37>$CK$1,1,0) -> 0 | BH37: =IF(BH$1-$AW37>$CK$1,1,0) -> 0 | BI37: =IF(BI$1-$AW37>$CK$1,1,0) -> 0 | BJ37: =IF(BJ$1-$AW37>$CK$1,1,0) -> 0 | BK37: =IF(BK$1-$AW37>$CK$1,1,0) -> 0 | ... BR37: =IF(BR$1-$AW37>$CK$1,1,0) -> 1 | BS37: =IF(AND(BD37=1,$AP37=1),1,0) -> 0 | BT37: =IF(AND(BE37=1,$AP37=1),1,0) -> 0 | BU37: =IF(AND(BF37=1,$AP37=1),1,0) -> 0 | BV37: =IF(AND(BG37=1,$AP37=1),1,0) -> 0 | BW37: =IF(AND(BH37=1,$AP37=1),1,0) -> 0 | BX37: =IF(AND(BI37=1,$AP37=1),1,0) -> 0 | BY37: =IF(AND(BJ37=1,$AP37=1),1,0) -> 0 | BZ37: =IF(AND(BK37=1,$AP37=1),1,0) -> 0 | ... CG37: =IF(AND(BR37=1,$AP37=1),1,0) -> 1
A38: 3DD.003E2F90FA | B38: 12H | C38: 2023 | D38: 2025 | E38: McCall Hatchery | F38: SF SALMON | G38: KNOXB - Knox Bridge, SF Salmon River | H38: KNOXB | I38: AD | L38: RAL | M38: 50.77 | N38: 1 | O38: 46187 | T38: 46188 | U38: 46191 | W38: 46194 | X38: 46195 | Y38: 46199 | Z38: 46200 | AA38: 2026 | AB38: Jack | AC38: McCall-Segregated | AD38: =IF(COUNT(O38:Z38)>0,1,0) -> 1 | AE38: =IF(COUNT(O38:T38)>0,1,0) -> 1 | AF38: =IF(COUNT(S38:Z38)>0,1,0) -> 1 | AG38: =IF(COUNT(S38:T38)>0,1,0) -> 1 | AH38: =IF(COUNT(U38:Z38)>0,1,0) -> 1 | AI38: =IF(COUNT(U38:V38)>0,1,0) -> 1 | AJ38: =IF(COUNT(W38:Z38)>0,1,0) -> 1 | AK38: =IF(COUNT(W38)>0,1,0) -> 1 | AL38: =IF(COUNT(X38:Z38)>0,1,0) -> 1 | AM38: =IF(COUNT(X38)>0,1,0) -> 1 | AN38: =IF(COUNT(Y38:Z38)>0,1,0) -> 1 | AO38: =IF(COUNT(Y38)>0,1,0) -> 1 | AP38: =IF(COUNT(Z38)>0,1,0) -> 1 | AQ38: =IF(AE38+AI38>1,1,0) -> 1 | AR38: =IF(AE38+AK38>1,1,0) -> 1 | AS38: =IF(AP38+AE38>1,1,0) -> 1 | AT38: =IF(AQ38=1,MIN(U38:V38)-MIN(O38:T38),"na") -> 4 | AU38: =IF(AR38=1,MAX(W38)-MIN(O38:T38),"na") -> 7 | AV38: =IF(AS38=1,+Z38-MIN(O38:T38),"na") -> 13 | AW38: =IF(AE38>0,DATE(1900,MONTH(MIN(O38:T38)),DAY(MIN(O38:T38))),"na") -> 166 | AX38: =IF(AG38>0,DATE(1900,MONTH(MIN(S38:T38)),DAY(MIN(S38:T38))),"na") -> 167 | AY38: =IF(AI38>0,DATE(1900,MONTH(MIN(U38:V38)),DAY(MIN(U38:V38))),"na") -> 170 | AZ38: =IF(AK38>0,DATE(1900,MONTH(MIN(W38)),DAY(MIN(W38))),"na") -> 173 | BA38: =IF(AM38>0,DATE(1900,MONTH(MIN(X38)),DAY(MIN(X38))),"na") -> 174 | BB38: =IF(AO38>0,DATE(1900,MONTH(MIN(Y38)),DAY(MIN(Y38))),"na") -> 178 | BC38: =IF(AP38>0,DATE(1900,MONTH(Z38),DAY(Z38)),"na") -> 179 | BD38: =IF(BD$1-$AW38>$CK$1,1,0) -> 0 | BE38: =IF(BE$1-$AW38>$CK$1,1,0) -> 0 | BF38: =IF(BF$1-$AW38>$CK$1,1,0) -> 0 | BG38: =IF(BG$1-$AW38>$CK$1,1,0) -> 0 | BH38: =IF(BH$1-$AW38>$CK$1,1,0) -> 0 | BI38: =IF(BI$1-$AW38>$CK$1,1,0) -> 0 | BJ38: =IF(BJ$1-$AW38>$CK$1,1,0) -> 0 | BK38: =IF(BK$1-$AW38>$CK$1,1,0) -> 0 | ... BR38: =IF(BR$1-$AW38>$CK$1,1,0) -> 1 | BS38: =IF(AND(BD38=1,$AP38=1),1,0) -> 0 | BT38: =IF(AND(BE38=1,$AP38=1),1,0) -> 0 | BU38: =IF(AND(BF38=1,$AP38=1),1,0) -> 0 | BV38: =IF(AND(BG38=1,$AP38=1),1,0) -> 0 | BW38: =IF(AND(BH38=1,$AP38=1),1,0) -> 0 | BX38: =IF(AND(BI38=1,$AP38=1),1,0) -> 0 | BY38: =IF(AND(BJ38=1,$AP38=1),1,0) -> 0 | BZ38: =IF(AND(BK38=1,$AP38=1),1,0) -> 0 | ... CG38: =IF(AND(BR38=1,$AP38=1),1,0) -> 1
A39: 3DD.003E2F8C29 | B39: 12H | C39: 2023 | D39: 2025 | E39: McCall Hatchery | F39: SF SALMON | G39: KNOXB - Knox Bridge, SF Salmon River | H39: KNOXB | I39: AD | L39: RAL | M39: 50.77 | N39: 1 | O39: 46177 | S39: 46178 | U39: 46182 | W39: 46187 | X39: 46189 | Y39: 46190 | Z39: 46191 | AA39: 2026 | AB39: Jack | AC39: McCall-Segregated | AD39: =IF(COUNT(O39:Z39)>0,1,0) -> 1 | AE39: =IF(COUNT(O39:T39)>0,1,0) -> 1 | AF39: =IF(COUNT(S39:Z39)>0,1,0) -> 1 | AG39: =IF(COUNT(S39:T39)>0,1,0) -> 1 | AH39: =IF(COUNT(U39:Z39)>0,1,0) -> 1 | AI39: =IF(COUNT(U39:V39)>0,1,0) -> 1 | AJ39: =IF(COUNT(W39:Z39)>0,1,0) -> 1 | AK39: =IF(COUNT(W39)>0,1,0) -> 1 | AL39: =IF(COUNT(X39:Z39)>0,1,0) -> 1 | AM39: =IF(COUNT(X39)>0,1,0) -> 1 | AN39: =IF(COUNT(Y39:Z39)>0,1,0) -> 1 | AO39: =IF(COUNT(Y39)>0,1,0) -> 1 | AP39: =IF(COUNT(Z39)>0,1,0) -> 1 | AQ39: =IF(AE39+AI39>1,1,0) -> 1 | AR39: =IF(AE39+AK39>1,1,0) -> 1 | AS39: =IF(AP39+AE39>1,1,0) -> 1 | AT39: =IF(AQ39=1,MIN(U39:V39)-MIN(O39:T39),"na") -> 5 | AU39: =IF(AR39=1,MAX(W39)-MIN(O39:T39),"na") -> 10 | AV39: =IF(AS39=1,+Z39-MIN(O39:T39),"na") -> 14 | AW39: =IF(AE39>0,DATE(1900,MONTH(MIN(O39:T39)),DAY(MIN(O39:T39))),"na") -> 156 | AX39: =IF(AG39>0,DATE(1900,MONTH(MIN(S39:T39)),DAY(MIN(S39:T39))),"na") -> 157 | AY39: =IF(AI39>0,DATE(1900,MONTH(MIN(U39:V39)),DAY(MIN(U39:V39))),"na") -> 161 | AZ39: =IF(AK39>0,DATE(1900,MONTH(MIN(W39)),DAY(MIN(W39))),"na") -> 166 | BA39: =IF(AM39>0,DATE(1900,MONTH(MIN(X39)),DAY(MIN(X39))),"na") -> 168 | BB39: =IF(AO39>0,DATE(1900,MONTH(MIN(Y39)),DAY(MIN(Y39))),"na") -> 169 | BC39: =IF(AP39>0,DATE(1900,MONTH(Z39),DAY(Z39)),"na") -> 170 | BD39: =IF(BD$1-$AW39>$CK$1,1,0) -> 0 | BE39: =IF(BE$1-$AW39>$CK$1,1,0) -> 0 | BF39: =IF(BF$1-$AW39>$CK$1,1,0) -> 0 | BG39: =IF(BG$1-$AW39>$CK$1,1,0) -> 0 | BH39: =IF(BH$1-$AW39>$CK$1,1,0) -> 0 | BI39: =IF(BI$1-$AW39>$CK$1,1,0) -> 0 | BJ39: =IF(BJ$1-$AW39>$CK$1,1,0) -> 0 | BK39: =IF(BK$1-$AW39>$CK$1,1,0) -> 0 | ... BR39: =IF(BR$1-$AW39>$CK$1,1,0) -> 1 | BS39: =IF(AND(BD39=1,$AP39=1),1,0) -> 0 | BT39: =IF(AND(BE39=1,$AP39=1),1,0) -> 0 | BU39: =IF(AND(BF39=1,$AP39=1),1,0) -> 0 | BV39: =IF(AND(BG39=1,$AP39=1),1,0) -> 0 | BW39: =IF(AND(BH39=1,$AP39=1),1,0) -> 0 | BX39: =IF(AND(BI39=1,$AP39=1),1,0) -> 0 | BY39: =IF(AND(BJ39=1,$AP39=1),1,0) -> 0 | BZ39: =IF(AND(BK39=1,$AP39=1),1,0) -> 0 | ... CG39: =IF(AND(BR39=1,$AP39=1),1,0) -> 1
A40: 3DD.003E339964 | B40: 12H | C40: 2023 | D40: 2025 | E40: McCall Hatchery | F40: SF SALMON | G40: KNOXB - Knox Bridge, SF Salmon River | H40: KNOXB | I40: AD | L40: RAL | M40: 50.77 | N40: 1 | O40: 46171 | AA40: 2026 | AB40: Jack | AC40: McCall-Segregated | AD40: =IF(COUNT(O40:Z40)>0,1,0) -> 1 | AE40: =IF(COUNT(O40:T40)>0,1,0) -> 1 | AF40: =IF(COUNT(S40:Z40)>0,1,0) -> 0 | AG40: =IF(COUNT(S40:T40)>0,1,0) -> 0 | AH40: =IF(COUNT(U40:Z40)>0,1,0) -> 0 | AI40: =IF(COUNT(U40:V40)>0,1,0) -> 0 | AJ40: =IF(COUNT(W40:Z40)>0,1,0) -> 0 | AK40: =IF(COUNT(W40)>0,1,0) -> 0 | AL40: =IF(COUNT(X40:Z40)>0,1,0) -> 0 | AM40: =IF(COUNT(X40)>0,1,0) -> 0 | AN40: =IF(COUNT(Y40:Z40)>0,1,0) -> 0 | AO40: =IF(COUNT(Y40)>0,1,0) -> 0 | AP40: =IF(COUNT(Z40)>0,1,0) -> 0 | AQ40: =IF(AE40+AI40>1,1,0) -> 0 | AR40: =IF(AE40+AK40>1,1,0) -> 0 | AS40: =IF(AP40+AE40>1,1,0) -> 0 | AT40: =IF(AQ40=1,MIN(U40:V40)-MIN(O40:T40),"na") -> na | AU40: =IF(AR40=1,MAX(W40)-MIN(O40:T40),"na") -> na | AV40: =IF(AS40=1,+Z40-MIN(O40:T40),"na") -> na | AW40: =IF(AE40>0,DATE(1900,MONTH(MIN(O40:T40)),DAY(MIN(O40:T40))),"na") -> 150 | AX40: =IF(AG40>0,DATE(1900,MONTH(MIN(S40:T40)),DAY(MIN(S40:T40))),"na") -> na | AY40: =IF(AI40>0,DATE(1900,MONTH(MIN(U40:V40)),DAY(MIN(U40:V40))),"na") -> na | AZ40: =IF(AK40>0,DATE(1900,MONTH(MIN(W40)),DAY(MIN(W40))),"na") -> na | BA40: =IF(AM40>0,DATE(1900,MONTH(MIN(X40)),DAY(MIN(X40))),"na") -> na | BB40: =IF(AO40>0,DATE(1900,MONTH(MIN(Y40)),DAY(MIN(Y40))),"na") -> na | BC40: =IF(AP40>0,DATE(1900,MONTH(Z40),DAY(Z40)),"na") -> na | BD40: =IF(BD$1-$AW40>$CK$1,1,0) -> 0 | BE40: =IF(BE$1-$AW40>$CK$1,1,0) -> 0 | BF40: =IF(BF$1-$AW40>$CK$1,1,0) -> 0 | BG40: =IF(BG$1-$AW40>$CK$1,1,0) -> 0 | BH40: =IF(BH$1-$AW40>$CK$1,1,0) -> 0 | BI40: =IF(BI$1-$AW40>$CK$1,1,0) -> 0 | BJ40: =IF(BJ$1-$AW40>$CK$1,1,0) -> 0 | BK40: =IF(BK$1-$AW40>$CK$1,1,0) -> 0 | ... BR40: =IF(BR$1-$AW40>$CK$1,1,0) -> 1 | BS40: =IF(AND(BD40=1,$AP40=1),1,0) -> 0 | BT40: =IF(AND(BE40=1,$AP40=1),1,0) -> 0 | BU40: =IF(AND(BF40=1,$AP40=1),1,0) -> 0 | BV40: =IF(AND(BG40=1,$AP40=1),1,0) -> 0 | BW40: =IF(AND(BH40=1,$AP40=1),1,0) -> 0 | BX40: =IF(AND(BI40=1,$AP40=1),1,0) -> 0 | BY40: =IF(AND(BJ40=1,$AP40=1),1,0) -> 0 | BZ40: =IF(AND(BK40=1,$AP40=1),1,0) -> 0 | ... CG40: =IF(AND(BR40=1,$AP40=1),1,0) -> 0
A41: 3DD.003E2F8034 | B41: 12H | C41: 2023 | D41: 2025 | E41: McCall Hatchery | F41: SF SALMON | G41: KNOXB - Knox Bridge, SF Salmon River | H41: KNOXB | I41: AD | L41: RTR | M41: 1 | N41: 1 | O41: 46187 | S41: 46189 | U41: 46191 | W41: 46193 | X41: 46194 | Y41: 46195 | Z41: 46196 | AA41: 2026 | AB41: Jack | AC41: McCall-Segregated | AD41: =IF(COUNT(O41:Z41)>0,1,0) -> 1 | AE41: =IF(COUNT(O41:T41)>0,1,0) -> 1 | AF41: =IF(COUNT(S41:Z41)>0,1,0) -> 1 | AG41: =IF(COUNT(S41:T41)>0,1,0) -> 1 | AH41: =IF(COUNT(U41:Z41)>0,1,0) -> 1 | AI41: =IF(COUNT(U41:V41)>0,1,0) -> 1 | AJ41: =IF(COUNT(W41:Z41)>0,1,0) -> 1 | AK41: =IF(COUNT(W41)>0,1,0) -> 1 | AL41: =IF(COUNT(X41:Z41)>0,1,0) -> 1 | AM41: =IF(COUNT(X41)>0,1,0) -> 1 | AN41: =IF(COUNT(Y41:Z41)>0,1,0) -> 1 | AO41: =IF(COUNT(Y41)>0,1,0) -> 1 | AP41: =IF(COUNT(Z41)>0,1,0) -> 1 | AQ41: =IF(AE41+AI41>1,1,0) -> 1 | AR41: =IF(AE41+AK41>1,1,0) -> 1 | AS41: =IF(AP41+AE41>1,1,0) -> 1 | AT41: =IF(AQ41=1,MIN(U41:V41)-MIN(O41:T41),"na") -> 4 | AU41: =IF(AR41=1,MAX(W41)-MIN(O41:T41),"na") -> 6 | AV41: =IF(AS41=1,+Z41-MIN(O41:T41),"na") -> 9 | AW41: =IF(AE41>0,DATE(1900,MONTH(MIN(O41:T41)),DAY(MIN(O41:T41))),"na") -> 166 | AX41: =IF(AG41>0,DATE(1900,MONTH(MIN(S41:T41)),DAY(MIN(S41:T41))),"na") -> 168 | AY41: =IF(AI41>0,DATE(1900,MONTH(MIN(U41:V41)),DAY(MIN(U41:V41))),"na") -> 170 | AZ41: =IF(AK41>0,DATE(1900,MONTH(MIN(W41)),DAY(MIN(W41))),"na") -> 172 | BA41: =IF(AM41>0,DATE(1900,MONTH(MIN(X41)),DAY(MIN(X41))),"na") -> 173 | BB41: =IF(AO41>0,DATE(1900,MONTH(MIN(Y41)),DAY(MIN(Y41))),"na") -> 174 | BC41: =IF(AP41>0,DATE(1900,MONTH(Z41),DAY(Z41)),"na") -> 175 | BD41: =IF(BD$1-$AW41>$CK$1,1,0) -> 0 | BE41: =IF(BE$1-$AW41>$CK$1,1,0) -> 0 | BF41: =IF(BF$1-$AW41>$CK$1,1,0) -> 0 | BG41: =IF(BG$1-$AW41>$CK$1,1,0) -> 0 | BH41: =IF(BH$1-$AW41>$CK$1,1,0) -> 0 | BI41: =IF(BI$1-$AW41>$CK$1,1,0) -> 0 | BJ41: =IF(BJ$1-$AW41>$CK$1,1,0) -> 0 | BK41: =IF(BK$1-$AW41>$CK$1,1,0) -> 0 | ... BR41: =IF(BR$1-$AW41>$CK$1,1,0) -> 1 | BS41: =IF(AND(BD41=1,$AP41=1),1,0) -> 0 | BT41: =IF(AND(BE41=1,$AP41=1),1,0) -> 0 | BU41: =IF(AND(BF41=1,$AP41=1),1,0) -> 0 | BV41: =IF(AND(BG41=1,$AP41=1),1,0) -> 0 | BW41: =IF(AND(BH41=1,$AP41=1),1,0) -> 0 | BX41: =IF(AND(BI41=1,$AP41=1),1,0) -> 0 | BY41: =IF(AND(BJ41=1,$AP41=1),1,0) -> 0 | BZ41: =IF(AND(BK41=1,$AP41=1),1,0) -> 0 | ... CG41: =IF(AND(BR41=1,$AP41=1),1,0) -> 1
A42: 3DD.003E2F9E26 | B42: 12H | C42: 2023 | D42: 2025 | E42: McCall Hatchery | F42: SF SALMON | G42: KNOXB - Knox Bridge, SF Salmon River | H42: KNOXB | I42: AD | L42: RTR | M42: 1 | N42: 1 | O42: 46183 | S42: 46184 | AA42: 2026 | AB42: Jack | AC42: McCall-Segregated | AD42: =IF(COUNT(O42:Z42)>0,1,0) -> 1 | AE42: =IF(COUNT(O42:T42)>0,1,0) -> 1 | AF42: =IF(COUNT(S42:Z42)>0,1,0) -> 1 | AG42: =IF(COUNT(S42:T42)>0,1,0) -> 1 | AH42: =IF(COUNT(U42:Z42)>0,1,0) -> 0 | AI42: =IF(COUNT(U42:V42)>0,1,0) -> 0 | AJ42: =IF(COUNT(W42:Z42)>0,1,0) -> 0 | AK42: =IF(COUNT(W42)>0,1,0) -> 0 | AL42: =IF(COUNT(X42:Z42)>0,1,0) -> 0 | AM42: =IF(COUNT(X42)>0,1,0) -> 0 | AN42: =IF(COUNT(Y42:Z42)>0,1,0) -> 0 | AO42: =IF(COUNT(Y42)>0,1,0) -> 0 | AP42: =IF(COUNT(Z42)>0,1,0) -> 0 | AQ42: =IF(AE42+AI42>1,1,0) -> 0 | AR42: =IF(AE42+AK42>1,1,0) -> 0 | AS42: =IF(AP42+AE42>1,1,0) -> 0 | AT42: =IF(AQ42=1,MIN(U42:V42)-MIN(O42:T42),"na") -> na | AU42: =IF(AR42=1,MAX(W42)-MIN(O42:T42),"na") -> na | AV42: =IF(AS42=1,+Z42-MIN(O42:T42),"na") -> na | AW42: =IF(AE42>0,DATE(1900,MONTH(MIN(O42:T42)),DAY(MIN(O42:T42))),"na") -> 162 | AX42: =IF(AG42>0,DATE(1900,MONTH(MIN(S42:T42)),DAY(MIN(S42:T42))),"na") -> 163 | AY42: =IF(AI42>0,DATE(1900,MONTH(MIN(U42:V42)),DAY(MIN(U42:V42))),"na") -> na | AZ42: =IF(AK42>0,DATE(1900,MONTH(MIN(W42)),DAY(MIN(W42))),"na") -> na | BA42: =IF(AM42>0,DATE(1900,MONTH(MIN(X42)),DAY(MIN(X42))),"na") -> na | BB42: =IF(AO42>0,DATE(1900,MONTH(MIN(Y42)),DAY(MIN(Y42))),"na") -> na | BC42: =IF(AP42>0,DATE(1900,MONTH(Z42),DAY(Z42)),"na") -> na | BD42: =IF(BD$1-$AW42>$CK$1,1,0) -> 0 | BE42: =IF(BE$1-$AW42>$CK$1,1,0) -> 0 | BF42: =IF(BF$1-$AW42>$CK$1,1,0) -> 0 | BG42: =IF(BG$1-$AW42>$CK$1,1,0) -> 0 | BH42: =IF(BH$1-$AW42>$CK$1,1,0) -> 0 | BI42: =IF(BI$1-$AW42>$CK$1,1,0) -> 0 | BJ42: =IF(BJ$1-$AW42>$CK$1,1,0) -> 0 | BK42: =IF(BK$1-$AW42>$CK$1,1,0) -> 0 | ... BR42: =IF(BR$1-$AW42>$CK$1,1,0) -> 1 | BS42: =IF(AND(BD42=1,$AP42=1),1,0) -> 0 | BT42: =IF(AND(BE42=1,$AP42=1),1,0) -> 0 | BU42: =IF(AND(BF42=1,$AP42=1),1,0) -> 0 | BV42: =IF(AND(BG42=1,$AP42=1),1,0) -> 0 | BW42: =IF(AND(BH42=1,$AP42=1),1,0) -> 0 | BX42: =IF(AND(BI42=1,$AP42=1),1,0) -> 0 | BY42: =IF(AND(BJ42=1,$AP42=1),1,0) -> 0 | BZ42: =IF(AND(BK42=1,$AP42=1),1,0) -> 0 | ... CG42: =IF(AND(BR42=1,$AP42=1),1,0) -> 0
A43: 3DD.003E094F14 | B43: 11H | C43: 2023 | D43: 2025 | E43: Sawtooth Hatchery | F43: SALMON R | G43: YANKFK - Yankee Fork Salmon River | H43: YANKFK | I43: AD | L43: RAL | M43: 59.6 | N43: 1 | Q43: 46194 | R43: 46194 | T43: 46195 | U43: 46198 | W43: 46199 | AA43: 2026 | AB43: Jack | AC43: Yankee Fork-Ad Clip | AD43: =IF(COUNT(O43:Z43)>0,1,0) -> 1 | AE43: =IF(COUNT(O43:T43)>0,1,0) -> 1 | AF43: =IF(COUNT(S43:Z43)>0,1,0) -> 1 | AG43: =IF(COUNT(S43:T43)>0,1,0) -> 1 | AH43: =IF(COUNT(U43:Z43)>0,1,0) -> 1 | AI43: =IF(COUNT(U43:V43)>0,1,0) -> 1 | AJ43: =IF(COUNT(W43:Z43)>0,1,0) -> 1 | AK43: =IF(COUNT(W43)>0,1,0) -> 1 | AL43: =IF(COUNT(X43:Z43)>0,1,0) -> 0 | AM43: =IF(COUNT(X43)>0,1,0) -> 0 | AN43: =IF(COUNT(Y43:Z43)>0,1,0) -> 0 | AO43: =IF(COUNT(Y43)>0,1,0) -> 0 | AP43: =IF(COUNT(Z43)>0,1,0) -> 0 | AQ43: =IF(AE43+AI43>1,1,0) -> 1 | AR43: =IF(AE43+AK43>1,1,0) -> 1 | AS43: =IF(AP43+AE43>1,1,0) -> 0 | AT43: =IF(AQ43=1,MIN(U43:V43)-MIN(O43:T43),"na") -> 4 | AU43: =IF(AR43=1,MAX(W43)-MIN(O43:T43),"na") -> 5 | AV43: =IF(AS43=1,+Z43-MIN(O43:T43),"na") -> na | AW43: =IF(AE43>0,DATE(1900,MONTH(MIN(O43:T43)),DAY(MIN(O43:T43))),"na") -> 173 | AX43: =IF(AG43>0,DATE(1900,MONTH(MIN(S43:T43)),DAY(MIN(S43:T43))),"na") -> 174 | AY43: =IF(AI43>0,DATE(1900,MONTH(MIN(U43:V43)),DAY(MIN(U43:V43))),"na") -> 177 | AZ43: =IF(AK43>0,DATE(1900,MONTH(MIN(W43)),DAY(MIN(W43))),"na") -> 178 | BA43: =IF(AM43>0,DATE(1900,MONTH(MIN(X43)),DAY(MIN(X43))),"na") -> na | BB43: =IF(AO43>0,DATE(1900,MONTH(MIN(Y43)),DAY(MIN(Y43))),"na") -> na | BC43: =IF(AP43>0,DATE(1900,MONTH(Z43),DAY(Z43)),"na") -> na | BD43: =IF(BD$1-$AW43>$CK$1,1,0) -> 0 | BE43: =IF(BE$1-$AW43>$CK$1,1,0) -> 0 | BF43: =IF(BF$1-$AW43>$CK$1,1,0) -> 0 | BG43: =IF(BG$1-$AW43>$CK$1,1,0) -> 0 | BH43: =IF(BH$1-$AW43>$CK$1,1,0) -> 0 | BI43: =IF(BI$1-$AW43>$CK$1,1,0) -> 0 | BJ43: =IF(BJ$1-$AW43>$CK$1,1,0) -> 0 | BK43: =IF(BK$1-$AW43>$CK$1,1,0) -> 0 | ... BR43: =IF(BR$1-$AW43>$CK$1,1,0) -> 0 | BS43: =IF(AND(BD43=1,$AP43=1),1,0) -> 0 | BT43: =IF(AND(BE43=1,$AP43=1),1,0) -> 0 | BU43: =IF(AND(BF43=1,$AP43=1),1,0) -> 0 | BV43: =IF(AND(BG43=1,$AP43=1),1,0) -> 0 | BW43: =IF(AND(BH43=1,$AP43=1),1,0) -> 0 | BX43: =IF(AND(BI43=1,$AP43=1),1,0) -> 0 | BY43: =IF(AND(BJ43=1,$AP43=1),1,0) -> 0 | BZ43: =IF(AND(BK43=1,$AP43=1),1,0) -> 0 | ... CG43: =IF(AND(BR43=1,$AP43=1),1,0) -> 0
A44: 3DD.003E0938D7 | B44: 11H | C44: 2023 | D44: 2025 | E44: Sawtooth Hatchery | F44: SALMON R | G44: SAWT - Sawtooth Hatchery | H44: SAWT | I44: AD | L44: RAL | M44: 127.9 | N44: 1 | O44: 46189 | S44: 46191 | U44: 46194 | W44: 46195 | X44: 46196 | Y44: 46197 | Z44: 46198 | AA44: 2026 | AB44: Jack | AC44: Sawtooth-Segregated | AD44: =IF(COUNT(O44:Z44)>0,1,0) -> 1 | AE44: =IF(COUNT(O44:T44)>0,1,0) -> 1 | AF44: =IF(COUNT(S44:Z44)>0,1,0) -> 1 | AG44: =IF(COUNT(S44:T44)>0,1,0) -> 1 | AH44: =IF(COUNT(U44:Z44)>0,1,0) -> 1 | AI44: =IF(COUNT(U44:V44)>0,1,0) -> 1 | AJ44: =IF(COUNT(W44:Z44)>0,1,0) -> 1 | AK44: =IF(COUNT(W44)>0,1,0) -> 1 | AL44: =IF(COUNT(X44:Z44)>0,1,0) -> 1 | AM44: =IF(COUNT(X44)>0,1,0) -> 1 | AN44: =IF(COUNT(Y44:Z44)>0,1,0) -> 1 | AO44: =IF(COUNT(Y44)>0,1,0) -> 1 | AP44: =IF(COUNT(Z44)>0,1,0) -> 1 | AQ44: =IF(AE44+AI44>1,1,0) -> 1 | AR44: =IF(AE44+AK44>1,1,0) -> 1 | AS44: =IF(AP44+AE44>1,1,0) -> 1 | AT44: =IF(AQ44=1,MIN(U44:V44)-MIN(O44:T44),"na") -> 5 | AU44: =IF(AR44=1,MAX(W44)-MIN(O44:T44),"na") -> 6 | AV44: =IF(AS44=1,+Z44-MIN(O44:T44),"na") -> 9 | AW44: =IF(AE44>0,DATE(1900,MONTH(MIN(O44:T44)),DAY(MIN(O44:T44))),"na") -> 168 | AX44: =IF(AG44>0,DATE(1900,MONTH(MIN(S44:T44)),DAY(MIN(S44:T44))),"na") -> 170 | AY44: =IF(AI44>0,DATE(1900,MONTH(MIN(U44:V44)),DAY(MIN(U44:V44))),"na") -> 173 | AZ44: =IF(AK44>0,DATE(1900,MONTH(MIN(W44)),DAY(MIN(W44))),"na") -> 174 | BA44: =IF(AM44>0,DATE(1900,MONTH(MIN(X44)),DAY(MIN(X44))),"na") -> 175 | BB44: =IF(AO44>0,DATE(1900,MONTH(MIN(Y44)),DAY(MIN(Y44))),"na") -> 176 | BC44: =IF(AP44>0,DATE(1900,MONTH(Z44),DAY(Z44)),"na") -> 177 | BD44: =IF(BD$1-$AW44>$CK$1,1,0) -> 0 | BE44: =IF(BE$1-$AW44>$CK$1,1,0) -> 0 | BF44: =IF(BF$1-$AW44>$CK$1,1,0) -> 0 | BG44: =IF(BG$1-$AW44>$CK$1,1,0) -> 0 | BH44: =IF(BH$1-$AW44>$CK$1,1,0) -> 0 | BI44: =IF(BI$1-$AW44>$CK$1,1,0) -> 0 | BJ44: =IF(BJ$1-$AW44>$CK$1,1,0) -> 0 | BK44: =IF(BK$1-$AW44>$CK$1,1,0) -> 0 | ... BR44: =IF(BR$1-$AW44>$CK$1,1,0) -> 1 | BS44: =IF(AND(BD44=1,$AP44=1),1,0) -> 0 | BT44: =IF(AND(BE44=1,$AP44=1),1,0) -> 0 | BU44: =IF(AND(BF44=1,$AP44=1),1,0) -> 0 | BV44: =IF(AND(BG44=1,$AP44=1),1,0) -> 0 | BW44: =IF(AND(BH44=1,$AP44=1),1,0) -> 0 | BX44: =IF(AND(BI44=1,$AP44=1),1,0) -> 0 | BY44: =IF(AND(BJ44=1,$AP44=1),1,0) -> 0 | BZ44: =IF(AND(BK44=1,$AP44=1),1,0) -> 0 | ... CG44: =IF(AND(BR44=1,$AP44=1),1,0) -> 1
A45: 3DD.003E093624 | B45: 11H | C45: 2023 | D45: 2025 | E45: Sawtooth Hatchery | F45: SALMON R | G45: SAWT - Sawtooth Hatchery | H45: SAWT | I45: AD | L45: RAL | M45: 127.9 | N45: 1 | Q45: 46165 | R45: 46165 | S45: 46166 | U45: 46169 | W45: 46171 | X45: 46172 | Y45: 46173 | Z45: 46174 | AA45: 2026 | AB45: Jack | AC45: Sawtooth-Segregated | AD45: =IF(COUNT(O45:Z45)>0,1,0) -> 1 | AE45: =IF(COUNT(O45:T45)>0,1,0) -> 1 | AF45: =IF(COUNT(S45:Z45)>0,1,0) -> 1 | AG45: =IF(COUNT(S45:T45)>0,1,0) -> 1 | AH45: =IF(COUNT(U45:Z45)>0,1,0) -> 1 | AI45: =IF(COUNT(U45:V45)>0,1,0) -> 1 | AJ45: =IF(COUNT(W45:Z45)>0,1,0) -> 1 | AK45: =IF(COUNT(W45)>0,1,0) -> 1 | AL45: =IF(COUNT(X45:Z45)>0,1,0) -> 1 | AM45: =IF(COUNT(X45)>0,1,0) -> 1 | AN45: =IF(COUNT(Y45:Z45)>0,1,0) -> 1 | AO45: =IF(COUNT(Y45)>0,1,0) -> 1 | AP45: =IF(COUNT(Z45)>0,1,0) -> 1 | AQ45: =IF(AE45+AI45>1,1,0) -> 1 | AR45: =IF(AE45+AK45>1,1,0) -> 1 | AS45: =IF(AP45+AE45>1,1,0) -> 1 | AT45: =IF(AQ45=1,MIN(U45:V45)-MIN(O45:T45),"na") -> 4 | AU45: =IF(AR45=1,MAX(W45)-MIN(O45:T45),"na") -> 6 | AV45: =IF(AS45=1,+Z45-MIN(O45:T45),"na") -> 9 | AW45: =IF(AE45>0,DATE(1900,MONTH(MIN(O45:T45)),DAY(MIN(O45:T45))),"na") -> 144 | AX45: =IF(AG45>0,DATE(1900,MONTH(MIN(S45:T45)),DAY(MIN(S45:T45))),"na") -> 145 | AY45: =IF(AI45>0,DATE(1900,MONTH(MIN(U45:V45)),DAY(MIN(U45:V45))),"na") -> 148 | AZ45: =IF(AK45>0,DATE(1900,MONTH(MIN(W45)),DAY(MIN(W45))),"na") -> 150 | BA45: =IF(AM45>0,DATE(1900,MONTH(MIN(X45)),DAY(MIN(X45))),"na") -> 151 | BB45: =IF(AO45>0,DATE(1900,MONTH(MIN(Y45)),DAY(MIN(Y45))),"na") -> 152 | BC45: =IF(AP45>0,DATE(1900,MONTH(Z45),DAY(Z45)),"na") -> 153 | BD45: =IF(BD$1-$AW45>$CK$1,1,0) -> 0 | BE45: =IF(BE$1-$AW45>$CK$1,1,0) -> 0 | BF45: =IF(BF$1-$AW45>$CK$1,1,0) -> 0 | BG45: =IF(BG$1-$AW45>$CK$1,1,0) -> 0 | BH45: =IF(BH$1-$AW45>$CK$1,1,0) -> 0 | BI45: =IF(BI$1-$AW45>$CK$1,1,0) -> 0 | BJ45: =IF(BJ$1-$AW45>$CK$1,1,0) -> 0 | BK45: =IF(BK$1-$AW45>$CK$1,1,0) -> 0 | ... BR45: =IF(BR$1-$AW45>$CK$1,1,0) -> 1 | BS45: =IF(AND(BD45=1,$AP45=1),1,0) -> 0 | BT45: =IF(AND(BE45=1,$AP45=1),1,0) -> 0 | BU45: =IF(AND(BF45=1,$AP45=1),1,0) -> 0 | BV45: =IF(AND(BG45=1,$AP45=1),1,0) -> 0 | BW45: =IF(AND(BH45=1,$AP45=1),1,0) -> 0 | BX45: =IF(AND(BI45=1,$AP45=1),1,0) -> 0 | BY45: =IF(AND(BJ45=1,$AP45=1),1,0) -> 0 | BZ45: =IF(AND(BK45=1,$AP45=1),1,0) -> 0 | ... CG45: =IF(AND(BR45=1,$AP45=1),1,0) -> 1
A46: 3DD.003E09326E | B46: 11H | C46: 2023 | D46: 2025 | E46: Sawtooth Hatchery | F46: SALMON R | G46: SAWT - Sawtooth Hatchery | H46: SAWT | I46: AD | L46: RAL | M46: 127.9 | N46: 1 | Q46: 46196 | R46: 46196 | S46: 46197 | U46: 46199 | W46: 46200 | X46: 46201 | AA46: 2026 | AB46: Jack | AC46: Sawtooth-Segregated | AD46: =IF(COUNT(O46:Z46)>0,1,0) -> 1 | AE46: =IF(COUNT(O46:T46)>0,1,0) -> 1 | AF46: =IF(COUNT(S46:Z46)>0,1,0) -> 1 | AG46: =IF(COUNT(S46:T46)>0,1,0) -> 1 | AH46: =IF(COUNT(U46:Z46)>0,1,0) -> 1 | AI46: =IF(COUNT(U46:V46)>0,1,0) -> 1 | AJ46: =IF(COUNT(W46:Z46)>0,1,0) -> 1 | AK46: =IF(COUNT(W46)>0,1,0) -> 1 | AL46: =IF(COUNT(X46:Z46)>0,1,0) -> 1 | AM46: =IF(COUNT(X46)>0,1,0) -> 1 | AN46: =IF(COUNT(Y46:Z46)>0,1,0) -> 0 | AO46: =IF(COUNT(Y46)>0,1,0) -> 0 | AP46: =IF(COUNT(Z46)>0,1,0) -> 0 | AQ46: =IF(AE46+AI46>1,1,0) -> 1 | AR46: =IF(AE46+AK46>1,1,0) -> 1 | AS46: =IF(AP46+AE46>1,1,0) -> 0 | AT46: =IF(AQ46=1,MIN(U46:V46)-MIN(O46:T46),"na") -> 3 | AU46: =IF(AR46=1,MAX(W46)-MIN(O46:T46),"na") -> 4 | AV46: =IF(AS46=1,+Z46-MIN(O46:T46),"na") -> na | AW46: =IF(AE46>0,DATE(1900,MONTH(MIN(O46:T46)),DAY(MIN(O46:T46))),"na") -> 175 | AX46: =IF(AG46>0,DATE(1900,MONTH(MIN(S46:T46)),DAY(MIN(S46:T46))),"na") -> 176 | AY46: =IF(AI46>0,DATE(1900,MONTH(MIN(U46:V46)),DAY(MIN(U46:V46))),"na") -> 178 | AZ46: =IF(AK46>0,DATE(1900,MONTH(MIN(W46)),DAY(MIN(W46))),"na") -> 179 | BA46: =IF(AM46>0,DATE(1900,MONTH(MIN(X46)),DAY(MIN(X46))),"na") -> 180 | BB46: =IF(AO46>0,DATE(1900,MONTH(MIN(Y46)),DAY(MIN(Y46))),"na") -> na | BC46: =IF(AP46>0,DATE(1900,MONTH(Z46),DAY(Z46)),"na") -> na | BD46: =IF(BD$1-$AW46>$CK$1,1,0) -> 0 | BE46: =IF(BE$1-$AW46>$CK$1,1,0) -> 0 | BF46: =IF(BF$1-$AW46>$CK$1,1,0) -> 0 | BG46: =IF(BG$1-$AW46>$CK$1,1,0) -> 0 | BH46: =IF(BH$1-$AW46>$CK$1,1,0) -> 0 | BI46: =IF(BI$1-$AW46>$CK$1,1,0) -> 0 | BJ46: =IF(BJ$1-$AW46>$CK$1,1,0) -> 0 | BK46: =IF(BK$1-$AW46>$CK$1,1,0) -> 0 | ... BR46: =IF(BR$1-$AW46>$CK$1,1,0) -> 0 | BS46: =IF(AND(BD46=1,$AP46=1),1,0) -> 0 | BT46: =IF(AND(BE46=1,$AP46=1),1,0) -> 0 | BU46: =IF(AND(BF46=1,$AP46=1),1,0) -> 0 | BV46: =IF(AND(BG46=1,$AP46=1),1,0) -> 0 | BW46: =IF(AND(BH46=1,$AP46=1),1,0) -> 0 | BX46: =IF(AND(BI46=1,$AP46=1),1,0) -> 0 | BY46: =IF(AND(BJ46=1,$AP46=1),1,0) -> 0 | BZ46: =IF(AND(BK46=1,$AP46=1),1,0) -> 0 | ... CG46: =IF(AND(BR46=1,$AP46=1),1,0) -> 0
A47: 3DD.003E093168 | B47: 11H | C47: 2023 | D47: 2025 | E47: Sawtooth Hatchery | F47: SALMON R | G47: SAWT - Sawtooth Hatchery | H47: SAWT | I47: AD | L47: RTR | M47: 1 | N47: 1 | O47: 46188 | T47: 46190 | U47: 46193 | W47: 46194 | X47: 46196 | Y47: 46197 | Z47: 46198 | AA47: 2026 | AB47: Jack | AC47: Sawtooth-Segregated | AD47: =IF(COUNT(O47:Z47)>0,1,0) -> 1 | AE47: =IF(COUNT(O47:T47)>0,1,0) -> 1 | AF47: =IF(COUNT(S47:Z47)>0,1,0) -> 1 | AG47: =IF(COUNT(S47:T47)>0,1,0) -> 1 | AH47: =IF(COUNT(U47:Z47)>0,1,0) -> 1 | AI47: =IF(COUNT(U47:V47)>0,1,0) -> 1 | AJ47: =IF(COUNT(W47:Z47)>0,1,0) -> 1 | AK47: =IF(COUNT(W47)>0,1,0) -> 1 | AL47: =IF(COUNT(X47:Z47)>0,1,0) -> 1 | AM47: =IF(COUNT(X47)>0,1,0) -> 1 | AN47: =IF(COUNT(Y47:Z47)>0,1,0) -> 1 | AO47: =IF(COUNT(Y47)>0,1,0) -> 1 | AP47: =IF(COUNT(Z47)>0,1,0) -> 1 | AQ47: =IF(AE47+AI47>1,1,0) -> 1 | AR47: =IF(AE47+AK47>1,1,0) -> 1 | AS47: =IF(AP47+AE47>1,1,0) -> 1 | AT47: =IF(AQ47=1,MIN(U47:V47)-MIN(O47:T47),"na") -> 5 | AU47: =IF(AR47=1,MAX(W47)-MIN(O47:T47),"na") -> 6 | AV47: =IF(AS47=1,+Z47-MIN(O47:T47),"na") -> 10 | AW47: =IF(AE47>0,DATE(1900,MONTH(MIN(O47:T47)),DAY(MIN(O47:T47))),"na") -> 167 | AX47: =IF(AG47>0,DATE(1900,MONTH(MIN(S47:T47)),DAY(MIN(S47:T47))),"na") -> 169 | AY47: =IF(AI47>0,DATE(1900,MONTH(MIN(U47:V47)),DAY(MIN(U47:V47))),"na") -> 172 | AZ47: =IF(AK47>0,DATE(1900,MONTH(MIN(W47)),DAY(MIN(W47))),"na") -> 173 | BA47: =IF(AM47>0,DATE(1900,MONTH(MIN(X47)),DAY(MIN(X47))),"na") -> 175 | BB47: =IF(AO47>0,DATE(1900,MONTH(MIN(Y47)),DAY(MIN(Y47))),"na") -> 176 | BC47: =IF(AP47>0,DATE(1900,MONTH(Z47),DAY(Z47)),"na") -> 177 | BD47: =IF(BD$1-$AW47>$CK$1,1,0) -> 0 | BE47: =IF(BE$1-$AW47>$CK$1,1,0) -> 0 | BF47: =IF(BF$1-$AW47>$CK$1,1,0) -> 0 | BG47: =IF(BG$1-$AW47>$CK$1,1,0) -> 0 | BH47: =IF(BH$1-$AW47>$CK$1,1,0) -> 0 | BI47: =IF(BI$1-$AW47>$CK$1,1,0) -> 0 | BJ47: =IF(BJ$1-$AW47>$CK$1,1,0) -> 0 | BK47: =IF(BK$1-$AW47>$CK$1,1,0) -> 0 | ... BR47: =IF(BR$1-$AW47>$CK$1,1,0) -> 1 | BS47: =IF(AND(BD47=1,$AP47=1),1,0) -> 0 | BT47: =IF(AND(BE47=1,$AP47=1),1,0) -> 0 | BU47: =IF(AND(BF47=1,$AP47=1),1,0) -> 0 | BV47: =IF(AND(BG47=1,$AP47=1),1,0) -> 0 | BW47: =IF(AND(BH47=1,$AP47=1),1,0) -> 0 | BX47: =IF(AND(BI47=1,$AP47=1),1,0) -> 0 | BY47: =IF(AND(BJ47=1,$AP47=1),1,0) -> 0 | BZ47: =IF(AND(BK47=1,$AP47=1),1,0) -> 0 | ... CG47: =IF(AND(BR47=1,$AP47=1),1,0) -> 1
A48: 3DD.0078D41ADA | B48: 11H | C48: 2023 | D48: 2025 | E48: Kooskia NFH | G48: KOOS - Kooskia National Fish Hatchery | H48: KOOS | L48: RTR | M48: 1 | N48: 1 | S48: 46147 | U48: 46150 | W48: 46151 | X48: 46153 | Y48: 46154 | Z48: 46155 | AA48: 2026 | AB48: Jack | AC48: Kooskia-Clear Cr | AD48: =IF(COUNT(O48:Z48)>0,1,0) -> 1 | AE48: =IF(COUNT(O48:T48)>0,1,0) -> 1 | AF48: =IF(COUNT(S48:Z48)>0,1,0) -> 1 | AG48: =IF(COUNT(S48:T48)>0,1,0) -> 1 | AH48: =IF(COUNT(U48:Z48)>0,1,0) -> 1 | AI48: =IF(COUNT(U48:V48)>0,1,0) -> 1 | AJ48: =IF(COUNT(W48:Z48)>0,1,0) -> 1 | AK48: =IF(COUNT(W48)>0,1,0) -> 1 | AL48: =IF(COUNT(X48:Z48)>0,1,0) -> 1 | AM48: =IF(COUNT(X48)>0,1,0) -> 1 | AN48: =IF(COUNT(Y48:Z48)>0,1,0) -> 1 | AO48: =IF(COUNT(Y48)>0,1,0) -> 1 | AP48: =IF(COUNT(Z48)>0,1,0) -> 1 | AQ48: =IF(AE48+AI48>1,1,0) -> 1 | AR48: =IF(AE48+AK48>1,1,0) -> 1 | AS48: =IF(AP48+AE48>1,1,0) -> 1 | AT48: =IF(AQ48=1,MIN(U48:V48)-MIN(O48:T48),"na") -> 3 | AU48: =IF(AR48=1,MAX(W48)-MIN(O48:T48),"na") -> 4 | AV48: =IF(AS48=1,+Z48-MIN(O48:T48),"na") -> 8 | AW48: =IF(AE48>0,DATE(1900,MONTH(MIN(O48:T48)),DAY(MIN(O48:T48))),"na") -> 126 | AX48: =IF(AG48>0,DATE(1900,MONTH(MIN(S48:T48)),DAY(MIN(S48:T48))),"na") -> 126 | AY48: =IF(AI48>0,DATE(1900,MONTH(MIN(U48:V48)),DAY(MIN(U48:V48))),"na") -> 129 | AZ48: =IF(AK48>0,DATE(1900,MONTH(MIN(W48)),DAY(MIN(W48))),"na") -> 130 | BA48: =IF(AM48>0,DATE(1900,MONTH(MIN(X48)),DAY(MIN(X48))),"na") -> 132 | BB48: =IF(AO48>0,DATE(1900,MONTH(MIN(Y48)),DAY(MIN(Y48))),"na") -> 133 | BC48: =IF(AP48>0,DATE(1900,MONTH(Z48),DAY(Z48)),"na") -> 134 | BD48: =IF(BD$1-$AW48>$CK$1,1,0) -> 0 | BE48: =IF(BE$1-$AW48>$CK$1,1,0) -> 0 | BF48: =IF(BF$1-$AW48>$CK$1,1,0) -> 0 | BG48: =IF(BG$1-$AW48>$CK$1,1,0) -> 0 | BH48: =IF(BH$1-$AW48>$CK$1,1,0) -> 0 | BI48: =IF(BI$1-$AW48>$CK$1,1,0) -> 0 | BJ48: =IF(BJ$1-$AW48>$CK$1,1,0) -> 0 | BK48: =IF(BK$1-$AW48>$CK$1,1,0) -> 0 | ... BR48: =IF(BR$1-$AW48>$CK$1,1,0) -> 1 | BS48: =IF(AND(BD48=1,$AP48=1),1,0) -> 0 | BT48: =IF(AND(BE48=1,$AP48=1),1,0) -> 0 | BU48: =IF(AND(BF48=1,$AP48=1),1,0) -> 0 | BV48: =IF(AND(BG48=1,$AP48=1),1,0) -> 0 | BW48: =IF(AND(BH48=1,$AP48=1),1,0) -> 0 | BX48: =IF(AND(BI48=1,$AP48=1),1,0) -> 0 | BY48: =IF(AND(BJ48=1,$AP48=1),1,0) -> 0 | BZ48: =IF(AND(BK48=1,$AP48=1),1,0) -> 0 | ... CG48: =IF(AND(BR48=1,$AP48=1),1,0) -> 1
A49: 3DD.003E2F8622 | B49: 12H | C49: 2023 | D49: 2025 | E49: McCall Hatchery | F49: SF SALMON | G49: KNOXB - Knox Bridge, SF Salmon River | H49: KNOXB | I49: AD | L49: RAL | M49: 50.77 | N49: 1 | Q49: 46175 | R49: 46175 | S49: 46177 | V49: 46180 | W49: 46182 | X49: 46183 | Y49: 46186 | Z49: 46187 | AA49: 2026 | AB49: Jack | AC49: McCall-Segregated | AD49: =IF(COUNT(O49:Z49)>0,1,0) -> 1 | AE49: =IF(COUNT(O49:T49)>0,1,0) -> 1 | AF49: =IF(COUNT(S49:Z49)>0,1,0) -> 1 | AG49: =IF(COUNT(S49:T49)>0,1,0) -> 1 | AH49: =IF(COUNT(U49:Z49)>0,1,0) -> 1 | AI49: =IF(COUNT(U49:V49)>0,1,0) -> 1 | AJ49: =IF(COUNT(W49:Z49)>0,1,0) -> 1 | AK49: =IF(COUNT(W49)>0,1,0) -> 1 | AL49: =IF(COUNT(X49:Z49)>0,1,0) -> 1 | AM49: =IF(COUNT(X49)>0,1,0) -> 1 | AN49: =IF(COUNT(Y49:Z49)>0,1,0) -> 1 | AO49: =IF(COUNT(Y49)>0,1,0) -> 1 | AP49: =IF(COUNT(Z49)>0,1,0) -> 1 | AQ49: =IF(AE49+AI49>1,1,0) -> 1 | AR49: =IF(AE49+AK49>1,1,0) -> 1 | AS49: =IF(AP49+AE49>1,1,0) -> 1 | AT49: =IF(AQ49=1,MIN(U49:V49)-MIN(O49:T49),"na") -> 5 | AU49: =IF(AR49=1,MAX(W49)-MIN(O49:T49),"na") -> 7 | AV49: =IF(AS49=1,+Z49-MIN(O49:T49),"na") -> 12 | AW49: =IF(AE49>0,DATE(1900,MONTH(MIN(O49:T49)),DAY(MIN(O49:T49))),"na") -> 154 | AX49: =IF(AG49>0,DATE(1900,MONTH(MIN(S49:T49)),DAY(MIN(S49:T49))),"na") -> 156 | AY49: =IF(AI49>0,DATE(1900,MONTH(MIN(U49:V49)),DAY(MIN(U49:V49))),"na") -> 159 | AZ49: =IF(AK49>0,DATE(1900,MONTH(MIN(W49)),DAY(MIN(W49))),"na") -> 161 | BA49: =IF(AM49>0,DATE(1900,MONTH(MIN(X49)),DAY(MIN(X49))),"na") -> 162 | BB49: =IF(AO49>0,DATE(1900,MONTH(MIN(Y49)),DAY(MIN(Y49))),"na") -> 165 | BC49: =IF(AP49>0,DATE(1900,MONTH(Z49),DAY(Z49)),"na") -> 166 | BD49: =IF(BD$1-$AW49>$CK$1,1,0) -> 0 | BE49: =IF(BE$1-$AW49>$CK$1,1,0) -> 0 | BF49: =IF(BF$1-$AW49>$CK$1,1,0) -> 0 | BG49: =IF(BG$1-$AW49>$CK$1,1,0) -> 0 | BH49: =IF(BH$1-$AW49>$CK$1,1,0) -> 0 | BI49: =IF(BI$1-$AW49>$CK$1,1,0) -> 0 | BJ49: =IF(BJ$1-$AW49>$CK$1,1,0) -> 0 | BK49: =IF(BK$1-$AW49>$CK$1,1,0) -> 0 | ... BR49: =IF(BR$1-$AW49>$CK$1,1,0) -> 1 | BS49: =IF(AND(BD49=1,$AP49=1),1,0) -> 0 | BT49: =IF(AND(BE49=1,$AP49=1),1,0) -> 0 | BU49: =IF(AND(BF49=1,$AP49=1),1,0) -> 0 | BV49: =IF(AND(BG49=1,$AP49=1),1,0) -> 0 | BW49: =IF(AND(BH49=1,$AP49=1),1,0) -> 0 | BX49: =IF(AND(BI49=1,$AP49=1),1,0) -> 0 | BY49: =IF(AND(BJ49=1,$AP49=1),1,0) -> 0 | BZ49: =IF(AND(BK49=1,$AP49=1),1,0) -> 0 | ... CG49: =IF(AND(BR49=1,$AP49=1),1,0) -> 1
A50: 3DD.003E336133 | B50: 12H | C50: 2023 | D50: 2025 | E50: McCall Hatchery | F50: SF SALMON | G50: KNOXB - Knox Bridge, SF Salmon River | H50: KNOXB | I50: AI CW | L50: RAL | M50: 7.74 | N50: 1 | Q50: 46188 | R50: 46188 | S50: 46189 | V50: 46192 | W50: 46193 | X50: 46195 | Y50: 46196 | Z50: 46197 | AA50: 2026 | AB50: Jack | AC50: McCall-Integrated | AD50: =IF(COUNT(O50:Z50)>0,1,0) -> 1 | AE50: =IF(COUNT(O50:T50)>0,1,0) -> 1 | AF50: =IF(COUNT(S50:Z50)>0,1,0) -> 1 | AG50: =IF(COUNT(S50:T50)>0,1,0) -> 1 | AH50: =IF(COUNT(U50:Z50)>0,1,0) -> 1 | AI50: =IF(COUNT(U50:V50)>0,1,0) -> 1 | AJ50: =IF(COUNT(W50:Z50)>0,1,0) -> 1 | AK50: =IF(COUNT(W50)>0,1,0) -> 1 | AL50: =IF(COUNT(X50:Z50)>0,1,0) -> 1 | AM50: =IF(COUNT(X50)>0,1,0) -> 1 | AN50: =IF(COUNT(Y50:Z50)>0,1,0) -> 1 | AO50: =IF(COUNT(Y50)>0,1,0) -> 1 | AP50: =IF(COUNT(Z50)>0,1,0) -> 1 | AQ50: =IF(AE50+AI50>1,1,0) -> 1 | AR50: =IF(AE50+AK50>1,1,0) -> 1 | AS50: =IF(AP50+AE50>1,1,0) -> 1 | AT50: =IF(AQ50=1,MIN(U50:V50)-MIN(O50:T50),"na") -> 4 | AU50: =IF(AR50=1,MAX(W50)-MIN(O50:T50),"na") -> 5 | AV50: =IF(AS50=1,+Z50-MIN(O50:T50),"na") -> 9 | AW50: =IF(AE50>0,DATE(1900,MONTH(MIN(O50:T50)),DAY(MIN(O50:T50))),"na") -> 167 | AX50: =IF(AG50>0,DATE(1900,MONTH(MIN(S50:T50)),DAY(MIN(S50:T50))),"na") -> 168 | AY50: =IF(AI50>0,DATE(1900,MONTH(MIN(U50:V50)),DAY(MIN(U50:V50))),"na") -> 171 | AZ50: =IF(AK50>0,DATE(1900,MONTH(MIN(W50)),DAY(MIN(W50))),"na") -> 172 | BA50: =IF(AM50>0,DATE(1900,MONTH(MIN(X50)),DAY(MIN(X50))),"na") -> 174 | BB50: =IF(AO50>0,DATE(1900,MONTH(MIN(Y50)),DAY(MIN(Y50))),"na") -> 175 | BC50: =IF(AP50>0,DATE(1900,MONTH(Z50),DAY(Z50)),"na") -> 176 | BD50: =IF(BD$1-$AW50>$CK$1,1,0) -> 0 | BE50: =IF(BE$1-$AW50>$CK$1,1,0) -> 0 | BF50: =IF(BF$1-$AW50>$CK$1,1,0) -> 0 | BG50: =IF(BG$1-$AW50>$CK$1,1,0) -> 0 | BH50: =IF(BH$1-$AW50>$CK$1,1,0) -> 0 | BI50: =IF(BI$1-$AW50>$CK$1,1,0) -> 0 | BJ50: =IF(BJ$1-$AW50>$CK$1,1,0) -> 0 | BK50: =IF(BK$1-$AW50>$CK$1,1,0) -> 0 | ... BR50: =IF(BR$1-$AW50>$CK$1,1,0) -> 1 | BS50: =IF(AND(BD50=1,$AP50=1),1,0) -> 0 | BT50: =IF(AND(BE50=1,$AP50=1),1,0) -> 0 | BU50: =IF(AND(BF50=1,$AP50=1),1,0) -> 0 | BV50: =IF(AND(BG50=1,$AP50=1),1,0) -> 0 | BW50: =IF(AND(BH50=1,$AP50=1),1,0) -> 0 | BX50: =IF(AND(BI50=1,$AP50=1),1,0) -> 0 | BY50: =IF(AND(BJ50=1,$AP50=1),1,0) -> 0 | BZ50: =IF(AND(BK50=1,$AP50=1),1,0) -> 0 | ... CG50: =IF(AND(BR50=1,$AP50=1),1,0) -> 1
A51: 3DD.003E3358B2 | B51: 12H | C51: 2023 | D51: 2025 | E51: McCall Hatchery | F51: SF SALMON | G51: KNOXB - Knox Bridge, SF Salmon River | H51: KNOXB | I51: AI CW | L51: RAL | M51: 7.74 | N51: 1 | O51: 46177 | S51: 46178 | U51: 46181 | W51: 46182 | X51: 46183 | Y51: 46183 | Z51: 46185 | AA51: 2026 | AB51: Jack | AC51: McCall-Integrated | AD51: =IF(COUNT(O51:Z51)>0,1,0) -> 1 | AE51: =IF(COUNT(O51:T51)>0,1,0) -> 1 | AF51: =IF(COUNT(S51:Z51)>0,1,0) -> 1 | AG51: =IF(COUNT(S51:T51)>0,1,0) -> 1 | AH51: =IF(COUNT(U51:Z51)>0,1,0) -> 1 | AI51: =IF(COUNT(U51:V51)>0,1,0) -> 1 | AJ51: =IF(COUNT(W51:Z51)>0,1,0) -> 1 | AK51: =IF(COUNT(W51)>0,1,0) -> 1 | AL51: =IF(COUNT(X51:Z51)>0,1,0) -> 1 | AM51: =IF(COUNT(X51)>0,1,0) -> 1 | AN51: =IF(COUNT(Y51:Z51)>0,1,0) -> 1 | AO51: =IF(COUNT(Y51)>0,1,0) -> 1 | AP51: =IF(COUNT(Z51)>0,1,0) -> 1 | AQ51: =IF(AE51+AI51>1,1,0) -> 1 | AR51: =IF(AE51+AK51>1,1,0) -> 1 | AS51: =IF(AP51+AE51>1,1,0) -> 1 | AT51: =IF(AQ51=1,MIN(U51:V51)-MIN(O51:T51),"na") -> 4 | AU51: =IF(AR51=1,MAX(W51)-MIN(O51:T51),"na") -> 5 | AV51: =IF(AS51=1,+Z51-MIN(O51:T51),"na") -> 8 | AW51: =IF(AE51>0,DATE(1900,MONTH(MIN(O51:T51)),DAY(MIN(O51:T51))),"na") -> 156 | AX51: =IF(AG51>0,DATE(1900,MONTH(MIN(S51:T51)),DAY(MIN(S51:T51))),"na") -> 157 | AY51: =IF(AI51>0,DATE(1900,MONTH(MIN(U51:V51)),DAY(MIN(U51:V51))),"na") -> 160 | AZ51: =IF(AK51>0,DATE(1900,MONTH(MIN(W51)),DAY(MIN(W51))),"na") -> 161 | BA51: =IF(AM51>0,DATE(1900,MONTH(MIN(X51)),DAY(MIN(X51))),"na") -> 162 | BB51: =IF(AO51>0,DATE(1900,MONTH(MIN(Y51)),DAY(MIN(Y51))),"na") -> 162 | BC51: =IF(AP51>0,DATE(1900,MONTH(Z51),DAY(Z51)),"na") -> 164 | BD51: =IF(BD$1-$AW51>$CK$1,1,0) -> 0 | BE51: =IF(BE$1-$AW51>$CK$1,1,0) -> 0 | BF51: =IF(BF$1-$AW51>$CK$1,1,0) -> 0 | BG51: =IF(BG$1-$AW51>$CK$1,1,0) -> 0 | BH51: =IF(BH$1-$AW51>$CK$1,1,0) -> 0 | BI51: =IF(BI$1-$AW51>$CK$1,1,0) -> 0 | BJ51: =IF(BJ$1-$AW51>$CK$1,1,0) -> 0 | BK51: =IF(BK$1-$AW51>$CK$1,1,0) -> 0 | ... BR51: =IF(BR$1-$AW51>$CK$1,1,0) -> 1 | BS51: =IF(AND(BD51=1,$AP51=1),1,0) -> 0 | BT51: =IF(AND(BE51=1,$AP51=1),1,0) -> 0 | BU51: =IF(AND(BF51=1,$AP51=1),1,0) -> 0 | BV51: =IF(AND(BG51=1,$AP51=1),1,0) -> 0 | BW51: =IF(AND(BH51=1,$AP51=1),1,0) -> 0 | BX51: =IF(AND(BI51=1,$AP51=1),1,0) -> 0 | BY51: =IF(AND(BJ51=1,$AP51=1),1,0) -> 0 | BZ51: =IF(AND(BK51=1,$AP51=1),1,0) -> 0 | ... CG51: =IF(AND(BR51=1,$AP51=1),1,0) -> 1
A52: 3DD.003E339309 | B52: 12H | C52: 2023 | D52: 2025 | E52: McCall Hatchery | F52: SF SALMON | G52: KNOXB - Knox Bridge, SF Salmon River | H52: KNOXB | I52: AD | L52: RTR | M52: 1 | N52: 1 | R52: 46177 | S52: 46179 | U52: 46181 | W52: 46182 | X52: 46183 | Y52: 46184 | Z52: 46185 | AA52: 2026 | AB52: Jack | AC52: McCall-Segregated | AD52: =IF(COUNT(O52:Z52)>0,1,0) -> 1 | AE52: =IF(COUNT(O52:T52)>0,1,0) -> 1 | AF52: =IF(COUNT(S52:Z52)>0,1,0) -> 1 | AG52: =IF(COUNT(S52:T52)>0,1,0) -> 1 | AH52: =IF(COUNT(U52:Z52)>0,1,0) -> 1 | AI52: =IF(COUNT(U52:V52)>0,1,0) -> 1 | AJ52: =IF(COUNT(W52:Z52)>0,1,0) -> 1 | AK52: =IF(COUNT(W52)>0,1,0) -> 1 | AL52: =IF(COUNT(X52:Z52)>0,1,0) -> 1 | AM52: =IF(COUNT(X52)>0,1,0) -> 1 | AN52: =IF(COUNT(Y52:Z52)>0,1,0) -> 1 | AO52: =IF(COUNT(Y52)>0,1,0) -> 1 | AP52: =IF(COUNT(Z52)>0,1,0) -> 1 | AQ52: =IF(AE52+AI52>1,1,0) -> 1 | AR52: =IF(AE52+AK52>1,1,0) -> 1 | AS52: =IF(AP52+AE52>1,1,0) -> 1 | AT52: =IF(AQ52=1,MIN(U52:V52)-MIN(O52:T52),"na") -> 4 | AU52: =IF(AR52=1,MAX(W52)-MIN(O52:T52),"na") -> 5 | AV52: =IF(AS52=1,+Z52-MIN(O52:T52),"na") -> 8 | AW52: =IF(AE52>0,DATE(1900,MONTH(MIN(O52:T52)),DAY(MIN(O52:T52))),"na") -> 156 | AX52: =IF(AG52>0,DATE(1900,MONTH(MIN(S52:T52)),DAY(MIN(S52:T52))),"na") -> 158 | AY52: =IF(AI52>0,DATE(1900,MONTH(MIN(U52:V52)),DAY(MIN(U52:V52))),"na") -> 160 | AZ52: =IF(AK52>0,DATE(1900,MONTH(MIN(W52)),DAY(MIN(W52))),"na") -> 161 | BA52: =IF(AM52>0,DATE(1900,MONTH(MIN(X52)),DAY(MIN(X52))),"na") -> 162 | BB52: =IF(AO52>0,DATE(1900,MONTH(MIN(Y52)),DAY(MIN(Y52))),"na") -> 163 | BC52: =IF(AP52>0,DATE(1900,MONTH(Z52),DAY(Z52)),"na") -> 164 | BD52: =IF(BD$1-$AW52>$CK$1,1,0) -> 0 | BE52: =IF(BE$1-$AW52>$CK$1,1,0) -> 0 | BF52: =IF(BF$1-$AW52>$CK$1,1,0) -> 0 | BG52: =IF(BG$1-$AW52>$CK$1,1,0) -> 0 | BH52: =IF(BH$1-$AW52>$CK$1,1,0) -> 0 | BI52: =IF(BI$1-$AW52>$CK$1,1,0) -> 0 | BJ52: =IF(BJ$1-$AW52>$CK$1,1,0) -> 0 | BK52: =IF(BK$1-$AW52>$CK$1,1,0) -> 0 | ... BR52: =IF(BR$1-$AW52>$CK$1,1,0) -> 1 | BS52: =IF(AND(BD52=1,$AP52=1),1,0) -> 0 | BT52: =IF(AND(BE52=1,$AP52=1),1,0) -> 0 | BU52: =IF(AND(BF52=1,$AP52=1),1,0) -> 0 | BV52: =IF(AND(BG52=1,$AP52=1),1,0) -> 0 | BW52: =IF(AND(BH52=1,$AP52=1),1,0) -> 0 | BX52: =IF(AND(BI52=1,$AP52=1),1,0) -> 0 | BY52: =IF(AND(BJ52=1,$AP52=1),1,0) -> 0 | BZ52: =IF(AND(BK52=1,$AP52=1),1,0) -> 0 | ... CG52: =IF(AND(BR52=1,$AP52=1),1,0) -> 1
A53: 3DD.003E339284 | B53: 12H | C53: 2023 | D53: 2025 | E53: McCall Hatchery | F53: SF SALMON | G53: KNOXB - Knox Bridge, SF Salmon River | H53: KNOXB | I53: AD | L53: RAL | M53: 50.77 | N53: 1 | O53: 46174 | S53: 46176 | AA53: 2026 | AB53: Jack | AC53: McCall-Segregated | AD53: =IF(COUNT(O53:Z53)>0,1,0) -> 1 | AE53: =IF(COUNT(O53:T53)>0,1,0) -> 1 | AF53: =IF(COUNT(S53:Z53)>0,1,0) -> 1 | AG53: =IF(COUNT(S53:T53)>0,1,0) -> 1 | AH53: =IF(COUNT(U53:Z53)>0,1,0) -> 0 | AI53: =IF(COUNT(U53:V53)>0,1,0) -> 0 | AJ53: =IF(COUNT(W53:Z53)>0,1,0) -> 0 | AK53: =IF(COUNT(W53)>0,1,0) -> 0 | AL53: =IF(COUNT(X53:Z53)>0,1,0) -> 0 | AM53: =IF(COUNT(X53)>0,1,0) -> 0 | AN53: =IF(COUNT(Y53:Z53)>0,1,0) -> 0 | AO53: =IF(COUNT(Y53)>0,1,0) -> 0 | AP53: =IF(COUNT(Z53)>0,1,0) -> 0 | AQ53: =IF(AE53+AI53>1,1,0) -> 0 | AR53: =IF(AE53+AK53>1,1,0) -> 0 | AS53: =IF(AP53+AE53>1,1,0) -> 0 | AT53: =IF(AQ53=1,MIN(U53:V53)-MIN(O53:T53),"na") -> na | AU53: =IF(AR53=1,MAX(W53)-MIN(O53:T53),"na") -> na | AV53: =IF(AS53=1,+Z53-MIN(O53:T53),"na") -> na | AW53: =IF(AE53>0,DATE(1900,MONTH(MIN(O53:T53)),DAY(MIN(O53:T53))),"na") -> 153 | AX53: =IF(AG53>0,DATE(1900,MONTH(MIN(S53:T53)),DAY(MIN(S53:T53))),"na") -> 155 | AY53: =IF(AI53>0,DATE(1900,MONTH(MIN(U53:V53)),DAY(MIN(U53:V53))),"na") -> na | AZ53: =IF(AK53>0,DATE(1900,MONTH(MIN(W53)),DAY(MIN(W53))),"na") -> na | BA53: =IF(AM53>0,DATE(1900,MONTH(MIN(X53)),DAY(MIN(X53))),"na") -> na | BB53: =IF(AO53>0,DATE(1900,MONTH(MIN(Y53)),DAY(MIN(Y53))),"na") -> na | BC53: =IF(AP53>0,DATE(1900,MONTH(Z53),DAY(Z53)),"na") -> na | BD53: =IF(BD$1-$AW53>$CK$1,1,0) -> 0 | BE53: =IF(BE$1-$AW53>$CK$1,1,0) -> 0 | BF53: =IF(BF$1-$AW53>$CK$1,1,0) -> 0 | BG53: =IF(BG$1-$AW53>$CK$1,1,0) -> 0 | BH53: =IF(BH$1-$AW53>$CK$1,1,0) -> 0 | BI53: =IF(BI$1-$AW53>$CK$1,1,0) -> 0 | BJ53: =IF(BJ$1-$AW53>$CK$1,1,0) -> 0 | BK53: =IF(BK$1-$AW53>$CK$1,1,0) -> 0 | ... BR53: =IF(BR$1-$AW53>$CK$1,1,0) -> 1 | BS53: =IF(AND(BD53=1,$AP53=1),1,0) -> 0 | BT53: =IF(AND(BE53=1,$AP53=1),1,0) -> 0 | BU53: =IF(AND(BF53=1,$AP53=1),1,0) -> 0 | BV53: =IF(AND(BG53=1,$AP53=1),1,0) -> 0 | BW53: =IF(AND(BH53=1,$AP53=1),1,0) -> 0 | BX53: =IF(AND(BI53=1,$AP53=1),1,0) -> 0 | BY53: =IF(AND(BJ53=1,$AP53=1),1,0) -> 0 | BZ53: =IF(AND(BK53=1,$AP53=1),1,0) -> 0 | ... CG53: =IF(AND(BR53=1,$AP53=1),1,0) -> 0
A54: 3DD.003E3383E5 | B54: 12H | C54: 2023 | D54: 2025 | E54: McCall Hatchery | F54: SF SALMON | G54: KNOXB - Knox Bridge, SF Salmon River | H54: KNOXB | I54: AD | L54: RAL | M54: 50.77 | N54: 1 | R54: 46167 | S54: 46169 | U54: 46174 | W54: 46176 | X54: 46179 | Y54: 46180 | Z54: 46181 | AA54: 2026 | AB54: Jack | AC54: McCall-Segregated | AD54: =IF(COUNT(O54:Z54)>0,1,0) -> 1 | AE54: =IF(COUNT(O54:T54)>0,1,0) -> 1 | AF54: =IF(COUNT(S54:Z54)>0,1,0) -> 1 | AG54: =IF(COUNT(S54:T54)>0,1,0) -> 1 | AH54: =IF(COUNT(U54:Z54)>0,1,0) -> 1 | AI54: =IF(COUNT(U54:V54)>0,1,0) -> 1 | AJ54: =IF(COUNT(W54:Z54)>0,1,0) -> 1 | AK54: =IF(COUNT(W54)>0,1,0) -> 1 | AL54: =IF(COUNT(X54:Z54)>0,1,0) -> 1 | AM54: =IF(COUNT(X54)>0,1,0) -> 1 | AN54: =IF(COUNT(Y54:Z54)>0,1,0) -> 1 | AO54: =IF(COUNT(Y54)>0,1,0) -> 1 | AP54: =IF(COUNT(Z54)>0,1,0) -> 1 | AQ54: =IF(AE54+AI54>1,1,0) -> 1 | AR54: =IF(AE54+AK54>1,1,0) -> 1 | AS54: =IF(AP54+AE54>1,1,0) -> 1 | AT54: =IF(AQ54=1,MIN(U54:V54)-MIN(O54:T54),"na") -> 7 | AU54: =IF(AR54=1,MAX(W54)-MIN(O54:T54),"na") -> 9 | AV54: =IF(AS54=1,+Z54-MIN(O54:T54),"na") -> 14 | AW54: =IF(AE54>0,DATE(1900,MONTH(MIN(O54:T54)),DAY(MIN(O54:T54))),"na") -> 146 | AX54: =IF(AG54>0,DATE(1900,MONTH(MIN(S54:T54)),DAY(MIN(S54:T54))),"na") -> 148 | AY54: =IF(AI54>0,DATE(1900,MONTH(MIN(U54:V54)),DAY(MIN(U54:V54))),"na") -> 153 | AZ54: =IF(AK54>0,DATE(1900,MONTH(MIN(W54)),DAY(MIN(W54))),"na") -> 155 | BA54: =IF(AM54>0,DATE(1900,MONTH(MIN(X54)),DAY(MIN(X54))),"na") -> 158 | BB54: =IF(AO54>0,DATE(1900,MONTH(MIN(Y54)),DAY(MIN(Y54))),"na") -> 159 | BC54: =IF(AP54>0,DATE(1900,MONTH(Z54),DAY(Z54)),"na") -> 160 | BD54: =IF(BD$1-$AW54>$CK$1,1,0) -> 0 | BE54: =IF(BE$1-$AW54>$CK$1,1,0) -> 0 | BF54: =IF(BF$1-$AW54>$CK$1,1,0) -> 0 | BG54: =IF(BG$1-$AW54>$CK$1,1,0) -> 0 | BH54: =IF(BH$1-$AW54>$CK$1,1,0) -> 0 | BI54: =IF(BI$1-$AW54>$CK$1,1,0) -> 0 | BJ54: =IF(BJ$1-$AW54>$CK$1,1,0) -> 0 | BK54: =IF(BK$1-$AW54>$CK$1,1,0) -> 0 | ... BR54: =IF(BR$1-$AW54>$CK$1,1,0) -> 1 | BS54: =IF(AND(BD54=1,$AP54=1),1,0) -> 0 | BT54: =IF(AND(BE54=1,$AP54=1),1,0) -> 0 | BU54: =IF(AND(BF54=1,$AP54=1),1,0) -> 0 | BV54: =IF(AND(BG54=1,$AP54=1),1,0) -> 0 | BW54: =IF(AND(BH54=1,$AP54=1),1,0) -> 0 | BX54: =IF(AND(BI54=1,$AP54=1),1,0) -> 0 | BY54: =IF(AND(BJ54=1,$AP54=1),1,0) -> 0 | BZ54: =IF(AND(BK54=1,$AP54=1),1,0) -> 0 | ... CG54: =IF(AND(BR54=1,$AP54=1),1,0) -> 1
A55: 3DD.003E337D84 | B55: 12H | C55: 2023 | D55: 2025 | E55: McCall Hatchery | F55: SF SALMON | G55: KNOXB - Knox Bridge, SF Salmon River | H55: KNOXB | I55: AD | L55: RAL | M55: 50.77 | N55: 1 | R55: 46183 | S55: 46185 | U55: 46191 | W55: 46192 | X55: 46193 | Y55: 46194 | Z55: 46196 | AA55: 2026 | AB55: Jack | AC55: McCall-Segregated | AD55: =IF(COUNT(O55:Z55)>0,1,0) -> 1 | AE55: =IF(COUNT(O55:T55)>0,1,0) -> 1 | AF55: =IF(COUNT(S55:Z55)>0,1,0) -> 1 | AG55: =IF(COUNT(S55:T55)>0,1,0) -> 1 | AH55: =IF(COUNT(U55:Z55)>0,1,0) -> 1 | AI55: =IF(COUNT(U55:V55)>0,1,0) -> 1 | AJ55: =IF(COUNT(W55:Z55)>0,1,0) -> 1 | AK55: =IF(COUNT(W55)>0,1,0) -> 1 | AL55: =IF(COUNT(X55:Z55)>0,1,0) -> 1 | AM55: =IF(COUNT(X55)>0,1,0) -> 1 | AN55: =IF(COUNT(Y55:Z55)>0,1,0) -> 1 | AO55: =IF(COUNT(Y55)>0,1,0) -> 1 | AP55: =IF(COUNT(Z55)>0,1,0) -> 1 | AQ55: =IF(AE55+AI55>1,1,0) -> 1 | AR55: =IF(AE55+AK55>1,1,0) -> 1 | AS55: =IF(AP55+AE55>1,1,0) -> 1 | AT55: =IF(AQ55=1,MIN(U55:V55)-MIN(O55:T55),"na") -> 8 | AU55: =IF(AR55=1,MAX(W55)-MIN(O55:T55),"na") -> 9 | AV55: =IF(AS55=1,+Z55-MIN(O55:T55),"na") -> 13 | AW55: =IF(AE55>0,DATE(1900,MONTH(MIN(O55:T55)),DAY(MIN(O55:T55))),"na") -> 162 | AX55: =IF(AG55>0,DATE(1900,MONTH(MIN(S55:T55)),DAY(MIN(S55:T55))),"na") -> 164 | AY55: =IF(AI55>0,DATE(1900,MONTH(MIN(U55:V55)),DAY(MIN(U55:V55))),"na") -> 170 | AZ55: =IF(AK55>0,DATE(1900,MONTH(MIN(W55)),DAY(MIN(W55))),"na") -> 171 | BA55: =IF(AM55>0,DATE(1900,MONTH(MIN(X55)),DAY(MIN(X55))),"na") -> 172 | BB55: =IF(AO55>0,DATE(1900,MONTH(MIN(Y55)),DAY(MIN(Y55))),"na") -> 173 | BC55: =IF(AP55>0,DATE(1900,MONTH(Z55),DAY(Z55)),"na") -> 175 | BD55: =IF(BD$1-$AW55>$CK$1,1,0) -> 0 | BE55: =IF(BE$1-$AW55>$CK$1,1,0) -> 0 | BF55: =IF(BF$1-$AW55>$CK$1,1,0) -> 0 | BG55: =IF(BG$1-$AW55>$CK$1,1,0) -> 0 | BH55: =IF(BH$1-$AW55>$CK$1,1,0) -> 0 | BI55: =IF(BI$1-$AW55>$CK$1,1,0) -> 0 | BJ55: =IF(BJ$1-$AW55>$CK$1,1,0) -> 0 | BK55: =IF(BK$1-$AW55>$CK$1,1,0) -> 0 | ... BR55: =IF(BR$1-$AW55>$CK$1,1,0) -> 1 | BS55: =IF(AND(BD55=1,$AP55=1),1,0) -> 0 | BT55: =IF(AND(BE55=1,$AP55=1),1,0) -> 0 | BU55: =IF(AND(BF55=1,$AP55=1),1,0) -> 0 | BV55: =IF(AND(BG55=1,$AP55=1),1,0) -> 0 | BW55: =IF(AND(BH55=1,$AP55=1),1,0) -> 0 | BX55: =IF(AND(BI55=1,$AP55=1),1,0) -> 0 | BY55: =IF(AND(BJ55=1,$AP55=1),1,0) -> 0 | BZ55: =IF(AND(BK55=1,$AP55=1),1,0) -> 0 | ... CG55: =IF(AND(BR55=1,$AP55=1),1,0) -> 1
A56: 3DD.003E337ABC | B56: 12H | C56: 2023 | D56: 2025 | E56: McCall Hatchery | F56: SF SALMON | G56: KNOXB - Knox Bridge, SF Salmon River | H56: KNOXB | I56: AD | L56: RTR | M56: 1 | N56: 1 | Q56: 46174 | R56: 46174 | S56: 46176 | U56: 46179 | W56: 46180 | X56: 46182 | Y56: 46184 | Z56: 46185 | AA56: 2026 | AB56: Jack | AC56: McCall-Segregated | AD56: =IF(COUNT(O56:Z56)>0,1,0) -> 1 | AE56: =IF(COUNT(O56:T56)>0,1,0) -> 1 | AF56: =IF(COUNT(S56:Z56)>0,1,0) -> 1 | AG56: =IF(COUNT(S56:T56)>0,1,0) -> 1 | AH56: =IF(COUNT(U56:Z56)>0,1,0) -> 1 | AI56: =IF(COUNT(U56:V56)>0,1,0) -> 1 | AJ56: =IF(COUNT(W56:Z56)>0,1,0) -> 1 | AK56: =IF(COUNT(W56)>0,1,0) -> 1 | AL56: =IF(COUNT(X56:Z56)>0,1,0) -> 1 | AM56: =IF(COUNT(X56)>0,1,0) -> 1 | AN56: =IF(COUNT(Y56:Z56)>0,1,0) -> 1 | AO56: =IF(COUNT(Y56)>0,1,0) -> 1 | AP56: =IF(COUNT(Z56)>0,1,0) -> 1 | AQ56: =IF(AE56+AI56>1,1,0) -> 1 | AR56: =IF(AE56+AK56>1,1,0) -> 1 | AS56: =IF(AP56+AE56>1,1,0) -> 1 | AT56: =IF(AQ56=1,MIN(U56:V56)-MIN(O56:T56),"na") -> 5 | AU56: =IF(AR56=1,MAX(W56)-MIN(O56:T56),"na") -> 6 | AV56: =IF(AS56=1,+Z56-MIN(O56:T56),"na") -> 11 | AW56: =IF(AE56>0,DATE(1900,MONTH(MIN(O56:T56)),DAY(MIN(O56:T56))),"na") -> 153 | AX56: =IF(AG56>0,DATE(1900,MONTH(MIN(S56:T56)),DAY(MIN(S56:T56))),"na") -> 155 | AY56: =IF(AI56>0,DATE(1900,MONTH(MIN(U56:V56)),DAY(MIN(U56:V56))),"na") -> 158 | AZ56: =IF(AK56>0,DATE(1900,MONTH(MIN(W56)),DAY(MIN(W56))),"na") -> 159 | BA56: =IF(AM56>0,DATE(1900,MONTH(MIN(X56)),DAY(MIN(X56))),"na") -> 161 | BB56: =IF(AO56>0,DATE(1900,MONTH(MIN(Y56)),DAY(MIN(Y56))),"na") -> 163 | BC56: =IF(AP56>0,DATE(1900,MONTH(Z56),DAY(Z56)),"na") -> 164 | BD56: =IF(BD$1-$AW56>$CK$1,1,0) -> 0 | BE56: =IF(BE$1-$AW56>$CK$1,1,0) -> 0 | BF56: =IF(BF$1-$AW56>$CK$1,1,0) -> 0 | BG56: =IF(BG$1-$AW56>$CK$1,1,0) -> 0 | BH56: =IF(BH$1-$AW56>$CK$1,1,0) -> 0 | BI56: =IF(BI$1-$AW56>$CK$1,1,0) -> 0 | BJ56: =IF(BJ$1-$AW56>$CK$1,1,0) -> 0 | BK56: =IF(BK$1-$AW56>$CK$1,1,0) -> 0 | ... BR56: =IF(BR$1-$AW56>$CK$1,1,0) -> 1 | BS56: =IF(AND(BD56=1,$AP56=1),1,0) -> 0 | BT56: =IF(AND(BE56=1,$AP56=1),1,0) -> 0 | BU56: =IF(AND(BF56=1,$AP56=1),1,0) -> 0 | BV56: =IF(AND(BG56=1,$AP56=1),1,0) -> 0 | BW56: =IF(AND(BH56=1,$AP56=1),1,0) -> 0 | BX56: =IF(AND(BI56=1,$AP56=1),1,0) -> 0 | BY56: =IF(AND(BJ56=1,$AP56=1),1,0) -> 0 | BZ56: =IF(AND(BK56=1,$AP56=1),1,0) -> 0 | ... CG56: =IF(AND(BR56=1,$AP56=1),1,0) -> 1
A57: 3DD.003E2F98BA | B57: 12H | C57: 2023 | D57: 2025 | E57: McCall Hatchery | F57: SF SALMON | G57: KNOXB - Knox Bridge, SF Salmon River | H57: KNOXB | I57: AD | L57: RAL | M57: 50.77 | N57: 1 | O57: 46181 | S57: 46183 | U57: 46186 | W57: 46187 | X57: 46188 | Y57: 46189 | Z57: 46190 | AA57: 2026 | AB57: Jack | AC57: McCall-Segregated | AD57: =IF(COUNT(O57:Z57)>0,1,0) -> 1 | AE57: =IF(COUNT(O57:T57)>0,1,0) -> 1 | AF57: =IF(COUNT(S57:Z57)>0,1,0) -> 1 | AG57: =IF(COUNT(S57:T57)>0,1,0) -> 1 | AH57: =IF(COUNT(U57:Z57)>0,1,0) -> 1 | AI57: =IF(COUNT(U57:V57)>0,1,0) -> 1 | AJ57: =IF(COUNT(W57:Z57)>0,1,0) -> 1 | AK57: =IF(COUNT(W57)>0,1,0) -> 1 | AL57: =IF(COUNT(X57:Z57)>0,1,0) -> 1 | AM57: =IF(COUNT(X57)>0,1,0) -> 1 | AN57: =IF(COUNT(Y57:Z57)>0,1,0) -> 1 | AO57: =IF(COUNT(Y57)>0,1,0) -> 1 | AP57: =IF(COUNT(Z57)>0,1,0) -> 1 | AQ57: =IF(AE57+AI57>1,1,0) -> 1 | AR57: =IF(AE57+AK57>1,1,0) -> 1 | AS57: =IF(AP57+AE57>1,1,0) -> 1 | AT57: =IF(AQ57=1,MIN(U57:V57)-MIN(O57:T57),"na") -> 5 | AU57: =IF(AR57=1,MAX(W57)-MIN(O57:T57),"na") -> 6 | AV57: =IF(AS57=1,+Z57-MIN(O57:T57),"na") -> 9 | AW57: =IF(AE57>0,DATE(1900,MONTH(MIN(O57:T57)),DAY(MIN(O57:T57))),"na") -> 160 | AX57: =IF(AG57>0,DATE(1900,MONTH(MIN(S57:T57)),DAY(MIN(S57:T57))),"na") -> 162 | AY57: =IF(AI57>0,DATE(1900,MONTH(MIN(U57:V57)),DAY(MIN(U57:V57))),"na") -> 165 | AZ57: =IF(AK57>0,DATE(1900,MONTH(MIN(W57)),DAY(MIN(W57))),"na") -> 166 | BA57: =IF(AM57>0,DATE(1900,MONTH(MIN(X57)),DAY(MIN(X57))),"na") -> 167 | BB57: =IF(AO57>0,DATE(1900,MONTH(MIN(Y57)),DAY(MIN(Y57))),"na") -> 168 | BC57: =IF(AP57>0,DATE(1900,MONTH(Z57),DAY(Z57)),"na") -> 169 | BD57: =IF(BD$1-$AW57>$CK$1,1,0) -> 0 | BE57: =IF(BE$1-$AW57>$CK$1,1,0) -> 0 | BF57: =IF(BF$1-$AW57>$CK$1,1,0) -> 0 | BG57: =IF(BG$1-$AW57>$CK$1,1,0) -> 0 | BH57: =IF(BH$1-$AW57>$CK$1,1,0) -> 0 | BI57: =IF(BI$1-$AW57>$CK$1,1,0) -> 0 | BJ57: =IF(BJ$1-$AW57>$CK$1,1,0) -> 0 | BK57: =IF(BK$1-$AW57>$CK$1,1,0) -> 0 | ... BR57: =IF(BR$1-$AW57>$CK$1,1,0) -> 1 | BS57: =IF(AND(BD57=1,$AP57=1),1,0) -> 0 | BT57: =IF(AND(BE57=1,$AP57=1),1,0) -> 0 | BU57: =IF(AND(BF57=1,$AP57=1),1,0) -> 0 | BV57: =IF(AND(BG57=1,$AP57=1),1,0) -> 0 | BW57: =IF(AND(BH57=1,$AP57=1),1,0) -> 0 | BX57: =IF(AND(BI57=1,$AP57=1),1,0) -> 0 | BY57: =IF(AND(BJ57=1,$AP57=1),1,0) -> 0 | BZ57: =IF(AND(BK57=1,$AP57=1),1,0) -> 0 | ... CG57: =IF(AND(BR57=1,$AP57=1),1,0) -> 1
A58: 3DD.003E3368BE | B58: 12H | C58: 2023 | D58: 2025 | E58: McCall Hatchery | F58: SF SALMON | G58: KNOXB - Knox Bridge, SF Salmon River | H58: KNOXB | I58: AI CW | L58: RAL | M58: 7.74 | N58: 1 | P58: 46193 | R58: 46194 | AA58: 2026 | AB58: Jack | AC58: McCall-Integrated | AD58: =IF(COUNT(O58:Z58)>0,1,0) -> 1 | AE58: =IF(COUNT(O58:T58)>0,1,0) -> 1 | AF58: =IF(COUNT(S58:Z58)>0,1,0) -> 0 | AG58: =IF(COUNT(S58:T58)>0,1,0) -> 0 | AH58: =IF(COUNT(U58:Z58)>0,1,0) -> 0 | AI58: =IF(COUNT(U58:V58)>0,1,0) -> 0 | AJ58: =IF(COUNT(W58:Z58)>0,1,0) -> 0 | AK58: =IF(COUNT(W58)>0,1,0) -> 0 | AL58: =IF(COUNT(X58:Z58)>0,1,0) -> 0 | AM58: =IF(COUNT(X58)>0,1,0) -> 0 | AN58: =IF(COUNT(Y58:Z58)>0,1,0) -> 0 | AO58: =IF(COUNT(Y58)>0,1,0) -> 0 | AP58: =IF(COUNT(Z58)>0,1,0) -> 0 | AQ58: =IF(AE58+AI58>1,1,0) -> 0 | AR58: =IF(AE58+AK58>1,1,0) -> 0 | AS58: =IF(AP58+AE58>1,1,0) -> 0 | AT58: =IF(AQ58=1,MIN(U58:V58)-MIN(O58:T58),"na") -> na | AU58: =IF(AR58=1,MAX(W58)-MIN(O58:T58),"na") -> na | AV58: =IF(AS58=1,+Z58-MIN(O58:T58),"na") -> na | AW58: =IF(AE58>0,DATE(1900,MONTH(MIN(O58:T58)),DAY(MIN(O58:T58))),"na") -> 172 | AX58: =IF(AG58>0,DATE(1900,MONTH(MIN(S58:T58)),DAY(MIN(S58:T58))),"na") -> na | AY58: =IF(AI58>0,DATE(1900,MONTH(MIN(U58:V58)),DAY(MIN(U58:V58))),"na") -> na | AZ58: =IF(AK58>0,DATE(1900,MONTH(MIN(W58)),DAY(MIN(W58))),"na") -> na | BA58: =IF(AM58>0,DATE(1900,MONTH(MIN(X58)),DAY(MIN(X58))),"na") -> na | BB58: =IF(AO58>0,DATE(1900,MONTH(MIN(Y58)),DAY(MIN(Y58))),"na") -> na | BC58: =IF(AP58>0,DATE(1900,MONTH(Z58),DAY(Z58)),"na") -> na | BD58: =IF(BD$1-$AW58>$CK$1,1,0) -> 0 | BE58: =IF(BE$1-$AW58>$CK$1,1,0) -> 0 | BF58: =IF(BF$1-$AW58>$CK$1,1,0) -> 0 | BG58: =IF(BG$1-$AW58>$CK$1,1,0) -> 0 | BH58: =IF(BH$1-$AW58>$CK$1,1,0) -> 0 | BI58: =IF(BI$1-$AW58>$CK$1,1,0) -> 0 | BJ58: =IF(BJ$1-$AW58>$CK$1,1,0) -> 0 | BK58: =IF(BK$1-$AW58>$CK$1,1,0) -> 0 | ... BR58: =IF(BR$1-$AW58>$CK$1,1,0) -> 0 | BS58: =IF(AND(BD58=1,$AP58=1),1,0) -> 0 | BT58: =IF(AND(BE58=1,$AP58=1),1,0) -> 0 | BU58: =IF(AND(BF58=1,$AP58=1),1,0) -> 0 | BV58: =IF(AND(BG58=1,$AP58=1),1,0) -> 0 | BW58: =IF(AND(BH58=1,$AP58=1),1,0) -> 0 | BX58: =IF(AND(BI58=1,$AP58=1),1,0) -> 0 | BY58: =IF(AND(BJ58=1,$AP58=1),1,0) -> 0 | BZ58: =IF(AND(BK58=1,$AP58=1),1,0) -> 0 | ... CG58: =IF(AND(BR58=1,$AP58=1),1,0) -> 0
A59: 3DD.003E2F9CFD | B59: 12H | C59: 2023 | D59: 2025 | E59: McCall Hatchery | F59: SF SALMON | G59: KNOXB - Knox Bridge, SF Salmon River | H59: KNOXB | I59: AD | L59: RAL | M59: 50.77 | N59: 1 | Q59: 46170 | R59: 46171 | S59: 46172 | U59: 46177 | W59: 46178 | X59: 46179 | Y59: 46181 | Z59: 46182 | AA59: 2026 | AB59: Jack | AC59: McCall-Segregated | AD59: =IF(COUNT(O59:Z59)>0,1,0) -> 1 | AE59: =IF(COUNT(O59:T59)>0,1,0) -> 1 | AF59: =IF(COUNT(S59:Z59)>0,1,0) -> 1 | AG59: =IF(COUNT(S59:T59)>0,1,0) -> 1 | AH59: =IF(COUNT(U59:Z59)>0,1,0) -> 1 | AI59: =IF(COUNT(U59:V59)>0,1,0) -> 1 | AJ59: =IF(COUNT(W59:Z59)>0,1,0) -> 1 | AK59: =IF(COUNT(W59)>0,1,0) -> 1 | AL59: =IF(COUNT(X59:Z59)>0,1,0) -> 1 | AM59: =IF(COUNT(X59)>0,1,0) -> 1 | AN59: =IF(COUNT(Y59:Z59)>0,1,0) -> 1 | AO59: =IF(COUNT(Y59)>0,1,0) -> 1 | AP59: =IF(COUNT(Z59)>0,1,0) -> 1 | AQ59: =IF(AE59+AI59>1,1,0) -> 1 | AR59: =IF(AE59+AK59>1,1,0) -> 1 | AS59: =IF(AP59+AE59>1,1,0) -> 1 | AT59: =IF(AQ59=1,MIN(U59:V59)-MIN(O59:T59),"na") -> 7 | AU59: =IF(AR59=1,MAX(W59)-MIN(O59:T59),"na") -> 8 | AV59: =IF(AS59=1,+Z59-MIN(O59:T59),"na") -> 12 | AW59: =IF(AE59>0,DATE(1900,MONTH(MIN(O59:T59)),DAY(MIN(O59:T59))),"na") -> 149 | AX59: =IF(AG59>0,DATE(1900,MONTH(MIN(S59:T59)),DAY(MIN(S59:T59))),"na") -> 151 | AY59: =IF(AI59>0,DATE(1900,MONTH(MIN(U59:V59)),DAY(MIN(U59:V59))),"na") -> 156 | AZ59: =IF(AK59>0,DATE(1900,MONTH(MIN(W59)),DAY(MIN(W59))),"na") -> 157 | BA59: =IF(AM59>0,DATE(1900,MONTH(MIN(X59)),DAY(MIN(X59))),"na") -> 158 | BB59: =IF(AO59>0,DATE(1900,MONTH(MIN(Y59)),DAY(MIN(Y59))),"na") -> 160 | BC59: =IF(AP59>0,DATE(1900,MONTH(Z59),DAY(Z59)),"na") -> 161 | BD59: =IF(BD$1-$AW59>$CK$1,1,0) -> 0 | BE59: =IF(BE$1-$AW59>$CK$1,1,0) -> 0 | BF59: =IF(BF$1-$AW59>$CK$1,1,0) -> 0 | BG59: =IF(BG$1-$AW59>$CK$1,1,0) -> 0 | BH59: =IF(BH$1-$AW59>$CK$1,1,0) -> 0 | BI59: =IF(BI$1-$AW59>$CK$1,1,0) -> 0 | BJ59: =IF(BJ$1-$AW59>$CK$1,1,0) -> 0 | BK59: =IF(BK$1-$AW59>$CK$1,1,0) -> 0 | ... BR59: =IF(BR$1-$AW59>$CK$1,1,0) -> 1 | BS59: =IF(AND(BD59=1,$AP59=1),1,0) -> 0 | BT59: =IF(AND(BE59=1,$AP59=1),1,0) -> 0 | BU59: =IF(AND(BF59=1,$AP59=1),1,0) -> 0 | BV59: =IF(AND(BG59=1,$AP59=1),1,0) -> 0 | BW59: =IF(AND(BH59=1,$AP59=1),1,0) -> 0 | BX59: =IF(AND(BI59=1,$AP59=1),1,0) -> 0 | BY59: =IF(AND(BJ59=1,$AP59=1),1,0) -> 0 | BZ59: =IF(AND(BK59=1,$AP59=1),1,0) -> 0 | ... CG59: =IF(AND(BR59=1,$AP59=1),1,0) -> 1
A60: 3DD.003E335849 | B60: 12H | C60: 2023 | D60: 2025 | E60: McCall Hatchery | F60: SF SALMON | G60: KNOXB - Knox Bridge, SF Salmon River | H60: KNOXB | I60: AI CW | L60: RTR | M60: 1 | N60: 1 | O60: 46189 | S60: 46190 | U60: 46193 | W60: 46194 | X60: 46196 | Y60: 46197 | Z60: 46198 | AA60: 2026 | AB60: Jack | AC60: McCall-Integrated | AD60: =IF(COUNT(O60:Z60)>0,1,0) -> 1 | AE60: =IF(COUNT(O60:T60)>0,1,0) -> 1 | AF60: =IF(COUNT(S60:Z60)>0,1,0) -> 1 | AG60: =IF(COUNT(S60:T60)>0,1,0) -> 1 | AH60: =IF(COUNT(U60:Z60)>0,1,0) -> 1 | AI60: =IF(COUNT(U60:V60)>0,1,0) -> 1 | AJ60: =IF(COUNT(W60:Z60)>0,1,0) -> 1 | AK60: =IF(COUNT(W60)>0,1,0) -> 1 | AL60: =IF(COUNT(X60:Z60)>0,1,0) -> 1 | AM60: =IF(COUNT(X60)>0,1,0) -> 1 | AN60: =IF(COUNT(Y60:Z60)>0,1,0) -> 1 | AO60: =IF(COUNT(Y60)>0,1,0) -> 1 | AP60: =IF(COUNT(Z60)>0,1,0) -> 1 | AQ60: =IF(AE60+AI60>1,1,0) -> 1 | AR60: =IF(AE60+AK60>1,1,0) -> 1 | AS60: =IF(AP60+AE60>1,1,0) -> 1 | AT60: =IF(AQ60=1,MIN(U60:V60)-MIN(O60:T60),"na") -> 4 | AU60: =IF(AR60=1,MAX(W60)-MIN(O60:T60),"na") -> 5 | AV60: =IF(AS60=1,+Z60-MIN(O60:T60),"na") -> 9 | AW60: =IF(AE60>0,DATE(1900,MONTH(MIN(O60:T60)),DAY(MIN(O60:T60))),"na") -> 168 | AX60: =IF(AG60>0,DATE(1900,MONTH(MIN(S60:T60)),DAY(MIN(S60:T60))),"na") -> 169 | AY60: =IF(AI60>0,DATE(1900,MONTH(MIN(U60:V60)),DAY(MIN(U60:V60))),"na") -> 172 | AZ60: =IF(AK60>0,DATE(1900,MONTH(MIN(W60)),DAY(MIN(W60))),"na") -> 173 | BA60: =IF(AM60>0,DATE(1900,MONTH(MIN(X60)),DAY(MIN(X60))),"na") -> 175 | BB60: =IF(AO60>0,DATE(1900,MONTH(MIN(Y60)),DAY(MIN(Y60))),"na") -> 176 | BC60: =IF(AP60>0,DATE(1900,MONTH(Z60),DAY(Z60)),"na") -> 177 | BD60: =IF(BD$1-$AW60>$CK$1,1,0) -> 0 | BE60: =IF(BE$1-$AW60>$CK$1,1,0) -> 0 | BF60: =IF(BF$1-$AW60>$CK$1,1,0) -> 0 | BG60: =IF(BG$1-$AW60>$CK$1,1,0) -> 0 | BH60: =IF(BH$1-$AW60>$CK$1,1,0) -> 0 | BI60: =IF(BI$1-$AW60>$CK$1,1,0) -> 0 | BJ60: =IF(BJ$1-$AW60>$CK$1,1,0) -> 0 | BK60: =IF(BK$1-$AW60>$CK$1,1,0) -> 0 | ... BR60: =IF(BR$1-$AW60>$CK$1,1,0) -> 1 | BS60: =IF(AND(BD60=1,$AP60=1),1,0) -> 0 | BT60: =IF(AND(BE60=1,$AP60=1),1,0) -> 0 | BU60: =IF(AND(BF60=1,$AP60=1),1,0) -> 0 | BV60: =IF(AND(BG60=1,$AP60=1),1,0) -> 0 | BW60: =IF(AND(BH60=1,$AP60=1),1,0) -> 0 | BX60: =IF(AND(BI60=1,$AP60=1),1,0) -> 0 | BY60: =IF(AND(BJ60=1,$AP60=1),1,0) -> 0 | BZ60: =IF(AND(BK60=1,$AP60=1),1,0) -> 0 | ... CG60: =IF(AND(BR60=1,$AP60=1),1,0) -> 1
A61: 3DD.003E32FDFA | B61: 12H | C61: 2023 | D61: 2025 | E61: Pahsimeroi Hatchery | F61: PAHSIMEROI | G61: PAHP - Pahsimeroi Pond | H61: PAHP | I61: AD | L61: RAL | M61: 64.69 | N61: 1 | O61: 46185 | AA61: 2026 | AB61: Jack | AC61: Pahsimeroi-Segregated | AD61: =IF(COUNT(O61:Z61)>0,1,0) -> 1 | AE61: =IF(COUNT(O61:T61)>0,1,0) -> 1 | AF61: =IF(COUNT(S61:Z61)>0,1,0) -> 0 | AG61: =IF(COUNT(S61:T61)>0,1,0) -> 0 | AH61: =IF(COUNT(U61:Z61)>0,1,0) -> 0 | AI61: =IF(COUNT(U61:V61)>0,1,0) -> 0 | AJ61: =IF(COUNT(W61:Z61)>0,1,0) -> 0 | AK61: =IF(COUNT(W61)>0,1,0) -> 0 | AL61: =IF(COUNT(X61:Z61)>0,1,0) -> 0 | AM61: =IF(COUNT(X61)>0,1,0) -> 0 | AN61: =IF(COUNT(Y61:Z61)>0,1,0) -> 0 | AO61: =IF(COUNT(Y61)>0,1,0) -> 0 | AP61: =IF(COUNT(Z61)>0,1,0) -> 0 | AQ61: =IF(AE61+AI61>1,1,0) -> 0 | AR61: =IF(AE61+AK61>1,1,0) -> 0 | AS61: =IF(AP61+AE61>1,1,0) -> 0 | AT61: =IF(AQ61=1,MIN(U61:V61)-MIN(O61:T61),"na") -> na | AU61: =IF(AR61=1,MAX(W61)-MIN(O61:T61),"na") -> na | AV61: =IF(AS61=1,+Z61-MIN(O61:T61),"na") -> na | AW61: =IF(AE61>0,DATE(1900,MONTH(MIN(O61:T61)),DAY(MIN(O61:T61))),"na") -> 164 | AX61: =IF(AG61>0,DATE(1900,MONTH(MIN(S61:T61)),DAY(MIN(S61:T61))),"na") -> na | AY61: =IF(AI61>0,DATE(1900,MONTH(MIN(U61:V61)),DAY(MIN(U61:V61))),"na") -> na | AZ61: =IF(AK61>0,DATE(1900,MONTH(MIN(W61)),DAY(MIN(W61))),"na") -> na | BA61: =IF(AM61>0,DATE(1900,MONTH(MIN(X61)),DAY(MIN(X61))),"na") -> na | BB61: =IF(AO61>0,DATE(1900,MONTH(MIN(Y61)),DAY(MIN(Y61))),"na") -> na | BC61: =IF(AP61>0,DATE(1900,MONTH(Z61),DAY(Z61)),"na") -> na | BD61: =IF(BD$1-$AW61>$CK$1,1,0) -> 0 | BE61: =IF(BE$1-$AW61>$CK$1,1,0) -> 0 | BF61: =IF(BF$1-$AW61>$CK$1,1,0) -> 0 | BG61: =IF(BG$1-$AW61>$CK$1,1,0) -> 0 | BH61: =IF(BH$1-$AW61>$CK$1,1,0) -> 0 | BI61: =IF(BI$1-$AW61>$CK$1,1,0) -> 0 | BJ61: =IF(BJ$1-$AW61>$CK$1,1,0) -> 0 | BK61: =IF(BK$1-$AW61>$CK$1,1,0) -> 0 | ... BR61: =IF(BR$1-$AW61>$CK$1,1,0) -> 1 | BS61: =IF(AND(BD61=1,$AP61=1),1,0) -> 0 | BT61: =IF(AND(BE61=1,$AP61=1),1,0) -> 0 | BU61: =IF(AND(BF61=1,$AP61=1),1,0) -> 0 | BV61: =IF(AND(BG61=1,$AP61=1),1,0) -> 0 | BW61: =IF(AND(BH61=1,$AP61=1),1,0) -> 0 | BX61: =IF(AND(BI61=1,$AP61=1),1,0) -> 0 | BY61: =IF(AND(BJ61=1,$AP61=1),1,0) -> 0 | BZ61: =IF(AND(BK61=1,$AP61=1),1,0) -> 0 | ... CG61: =IF(AND(BR61=1,$AP61=1),1,0) -> 0
A62: 3DD.003E32C84B | B62: 11H | C62: 2023 | D62: 2025 | E62: Clearwater Hatchery | F62: CLEARWATER | G62: REDP - Red River Rearing Pond | H62: REDP | I62: AD | L62: RAL | M62: 77.53 | N62: 1 | O62: 46154 | S62: 46155 | U62: 46158 | W62: 46159 | X62: 46160 | Y62: 46163 | Z62: 46164 | AA62: 2026 | AB62: Jack | AC62: CFH-Red River | AD62: =IF(COUNT(O62:Z62)>0,1,0) -> 1 | AE62: =IF(COUNT(O62:T62)>0,1,0) -> 1 | AF62: =IF(COUNT(S62:Z62)>0,1,0) -> 1 | AG62: =IF(COUNT(S62:T62)>0,1,0) -> 1 | AH62: =IF(COUNT(U62:Z62)>0,1,0) -> 1 | AI62: =IF(COUNT(U62:V62)>0,1,0) -> 1 | AJ62: =IF(COUNT(W62:Z62)>0,1,0) -> 1 | AK62: =IF(COUNT(W62)>0,1,0) -> 1 | AL62: =IF(COUNT(X62:Z62)>0,1,0) -> 1 | AM62: =IF(COUNT(X62)>0,1,0) -> 1 | AN62: =IF(COUNT(Y62:Z62)>0,1,0) -> 1 | AO62: =IF(COUNT(Y62)>0,1,0) -> 1 | AP62: =IF(COUNT(Z62)>0,1,0) -> 1 | AQ62: =IF(AE62+AI62>1,1,0) -> 1 | AR62: =IF(AE62+AK62>1,1,0) -> 1 | AS62: =IF(AP62+AE62>1,1,0) -> 1 | AT62: =IF(AQ62=1,MIN(U62:V62)-MIN(O62:T62),"na") -> 4 | AU62: =IF(AR62=1,MAX(W62)-MIN(O62:T62),"na") -> 5 | AV62: =IF(AS62=1,+Z62-MIN(O62:T62),"na") -> 10 | AW62: =IF(AE62>0,DATE(1900,MONTH(MIN(O62:T62)),DAY(MIN(O62:T62))),"na") -> 133 | AX62: =IF(AG62>0,DATE(1900,MONTH(MIN(S62:T62)),DAY(MIN(S62:T62))),"na") -> 134 | AY62: =IF(AI62>0,DATE(1900,MONTH(MIN(U62:V62)),DAY(MIN(U62:V62))),"na") -> 137 | AZ62: =IF(AK62>0,DATE(1900,MONTH(MIN(W62)),DAY(MIN(W62))),"na") -> 138 | BA62: =IF(AM62>0,DATE(1900,MONTH(MIN(X62)),DAY(MIN(X62))),"na") -> 139 | BB62: =IF(AO62>0,DATE(1900,MONTH(MIN(Y62)),DAY(MIN(Y62))),"na") -> 142 | BC62: =IF(AP62>0,DATE(1900,MONTH(Z62),DAY(Z62)),"na") -> 143 | BD62: =IF(BD$1-$AW62>$CK$1,1,0) -> 0 | BE62: =IF(BE$1-$AW62>$CK$1,1,0) -> 0 | BF62: =IF(BF$1-$AW62>$CK$1,1,0) -> 0 | BG62: =IF(BG$1-$AW62>$CK$1,1,0) -> 0 | BH62: =IF(BH$1-$AW62>$CK$1,1,0) -> 0 | BI62: =IF(BI$1-$AW62>$CK$1,1,0) -> 0 | BJ62: =IF(BJ$1-$AW62>$CK$1,1,0) -> 0 | BK62: =IF(BK$1-$AW62>$CK$1,1,0) -> 0 | ... BR62: =IF(BR$1-$AW62>$CK$1,1,0) -> 1 | BS62: =IF(AND(BD62=1,$AP62=1),1,0) -> 0 | BT62: =IF(AND(BE62=1,$AP62=1),1,0) -> 0 | BU62: =IF(AND(BF62=1,$AP62=1),1,0) -> 0 | BV62: =IF(AND(BG62=1,$AP62=1),1,0) -> 0 | BW62: =IF(AND(BH62=1,$AP62=1),1,0) -> 0 | BX62: =IF(AND(BI62=1,$AP62=1),1,0) -> 0 | BY62: =IF(AND(BJ62=1,$AP62=1),1,0) -> 0 | BZ62: =IF(AND(BK62=1,$AP62=1),1,0) -> 0 | ... CG62: =IF(AND(BR62=1,$AP62=1),1,0) -> 1
A63: 3DD.003E32AC5A | B63: 11H | C63: 2023 | D63: 2025 | E63: Clearwater Hatchery | F63: CLEARWATER | G63: CLWHNF - Clearwater Hatchery release into North Fork Clearwater River | H63: CLWHNF | I63: AD | L63: RAL | M63: 72.36 | N63: 1 | Q63: 46153 | R63: 46154 | S63: 46156 | U63: 46160 | W63: 46164 | X63: 46171 | Y63: 46172 | Z63: 46174 | AA63: 2026 | AB63: Jack | AC63: CFH-NF Clearwater | AD63: =IF(COUNT(O63:Z63)>0,1,0) -> 1 | AE63: =IF(COUNT(O63:T63)>0,1,0) -> 1 | AF63: =IF(COUNT(S63:Z63)>0,1,0) -> 1 | AG63: =IF(COUNT(S63:T63)>0,1,0) -> 1 | AH63: =IF(COUNT(U63:Z63)>0,1,0) -> 1 | AI63: =IF(COUNT(U63:V63)>0,1,0) -> 1 | AJ63: =IF(COUNT(W63:Z63)>0,1,0) -> 1 | AK63: =IF(COUNT(W63)>0,1,0) -> 1 | AL63: =IF(COUNT(X63:Z63)>0,1,0) -> 1 | AM63: =IF(COUNT(X63)>0,1,0) -> 1 | AN63: =IF(COUNT(Y63:Z63)>0,1,0) -> 1 | AO63: =IF(COUNT(Y63)>0,1,0) -> 1 | AP63: =IF(COUNT(Z63)>0,1,0) -> 1 | AQ63: =IF(AE63+AI63>1,1,0) -> 1 | AR63: =IF(AE63+AK63>1,1,0) -> 1 | AS63: =IF(AP63+AE63>1,1,0) -> 1 | AT63: =IF(AQ63=1,MIN(U63:V63)-MIN(O63:T63),"na") -> 7 | AU63: =IF(AR63=1,MAX(W63)-MIN(O63:T63),"na") -> 11 | AV63: =IF(AS63=1,+Z63-MIN(O63:T63),"na") -> 21 | AW63: =IF(AE63>0,DATE(1900,MONTH(MIN(O63:T63)),DAY(MIN(O63:T63))),"na") -> 132 | AX63: =IF(AG63>0,DATE(1900,MONTH(MIN(S63:T63)),DAY(MIN(S63:T63))),"na") -> 135 | AY63: =IF(AI63>0,DATE(1900,MONTH(MIN(U63:V63)),DAY(MIN(U63:V63))),"na") -> 139 | AZ63: =IF(AK63>0,DATE(1900,MONTH(MIN(W63)),DAY(MIN(W63))),"na") -> 143 | BA63: =IF(AM63>0,DATE(1900,MONTH(MIN(X63)),DAY(MIN(X63))),"na") -> 150 | BB63: =IF(AO63>0,DATE(1900,MONTH(MIN(Y63)),DAY(MIN(Y63))),"na") -> 151 | BC63: =IF(AP63>0,DATE(1900,MONTH(Z63),DAY(Z63)),"na") -> 153 | BD63: =IF(BD$1-$AW63>$CK$1,1,0) -> 0 | BE63: =IF(BE$1-$AW63>$CK$1,1,0) -> 0 | BF63: =IF(BF$1-$AW63>$CK$1,1,0) -> 0 | BG63: =IF(BG$1-$AW63>$CK$1,1,0) -> 0 | BH63: =IF(BH$1-$AW63>$CK$1,1,0) -> 0 | BI63: =IF(BI$1-$AW63>$CK$1,1,0) -> 0 | BJ63: =IF(BJ$1-$AW63>$CK$1,1,0) -> 0 | BK63: =IF(BK$1-$AW63>$CK$1,1,0) -> 0 | ... BR63: =IF(BR$1-$AW63>$CK$1,1,0) -> 1 | BS63: =IF(AND(BD63=1,$AP63=1),1,0) -> 0 | BT63: =IF(AND(BE63=1,$AP63=1),1,0) -> 0 | BU63: =IF(AND(BF63=1,$AP63=1),1,0) -> 0 | BV63: =IF(AND(BG63=1,$AP63=1),1,0) -> 0 | BW63: =IF(AND(BH63=1,$AP63=1),1,0) -> 0 | BX63: =IF(AND(BI63=1,$AP63=1),1,0) -> 0 | BY63: =IF(AND(BJ63=1,$AP63=1),1,0) -> 0 | BZ63: =IF(AND(BK63=1,$AP63=1),1,0) -> 0 | ... CG63: =IF(AND(BR63=1,$AP63=1),1,0) -> 1
A64: 3DD.003E2F9F48 | B64: 12H | C64: 2023 | D64: 2025 | E64: McCall Hatchery | F64: SF SALMON | G64: KNOXB - Knox Bridge, SF Salmon River | H64: KNOXB | I64: AD | L64: RAL | M64: 50.77 | N64: 1 | O64: 46180 | T64: 46182 | U64: 46186 | W64: 46187 | Y64: 46191 | Z64: 46192 | AA64: 2026 | AB64: Jack | AC64: McCall-Segregated | AD64: =IF(COUNT(O64:Z64)>0,1,0) -> 1 | AE64: =IF(COUNT(O64:T64)>0,1,0) -> 1 | AF64: =IF(COUNT(S64:Z64)>0,1,0) -> 1 | AG64: =IF(COUNT(S64:T64)>0,1,0) -> 1 | AH64: =IF(COUNT(U64:Z64)>0,1,0) -> 1 | AI64: =IF(COUNT(U64:V64)>0,1,0) -> 1 | AJ64: =IF(COUNT(W64:Z64)>0,1,0) -> 1 | AK64: =IF(COUNT(W64)>0,1,0) -> 1 | AL64: =IF(COUNT(X64:Z64)>0,1,0) -> 1 | AM64: =IF(COUNT(X64)>0,1,0) -> 0 | AN64: =IF(COUNT(Y64:Z64)>0,1,0) -> 1 | AO64: =IF(COUNT(Y64)>0,1,0) -> 1 | AP64: =IF(COUNT(Z64)>0,1,0) -> 1 | AQ64: =IF(AE64+AI64>1,1,0) -> 1 | AR64: =IF(AE64+AK64>1,1,0) -> 1 | AS64: =IF(AP64+AE64>1,1,0) -> 1 | AT64: =IF(AQ64=1,MIN(U64:V64)-MIN(O64:T64),"na") -> 6 | AU64: =IF(AR64=1,MAX(W64)-MIN(O64:T64),"na") -> 7 | AV64: =IF(AS64=1,+Z64-MIN(O64:T64),"na") -> 12 | AW64: =IF(AE64>0,DATE(1900,MONTH(MIN(O64:T64)),DAY(MIN(O64:T64))),"na") -> 159 | AX64: =IF(AG64>0,DATE(1900,MONTH(MIN(S64:T64)),DAY(MIN(S64:T64))),"na") -> 161 | AY64: =IF(AI64>0,DATE(1900,MONTH(MIN(U64:V64)),DAY(MIN(U64:V64))),"na") -> 165 | AZ64: =IF(AK64>0,DATE(1900,MONTH(MIN(W64)),DAY(MIN(W64))),"na") -> 166 | BA64: =IF(AM64>0,DATE(1900,MONTH(MIN(X64)),DAY(MIN(X64))),"na") -> na | BB64: =IF(AO64>0,DATE(1900,MONTH(MIN(Y64)),DAY(MIN(Y64))),"na") -> 170 | BC64: =IF(AP64>0,DATE(1900,MONTH(Z64),DAY(Z64)),"na") -> 171 | BD64: =IF(BD$1-$AW64>$CK$1,1,0) -> 0 | BE64: =IF(BE$1-$AW64>$CK$1,1,0) -> 0 | BF64: =IF(BF$1-$AW64>$CK$1,1,0) -> 0 | BG64: =IF(BG$1-$AW64>$CK$1,1,0) -> 0 | BH64: =IF(BH$1-$AW64>$CK$1,1,0) -> 0 | BI64: =IF(BI$1-$AW64>$CK$1,1,0) -> 0 | BJ64: =IF(BJ$1-$AW64>$CK$1,1,0) -> 0 | BK64: =IF(BK$1-$AW64>$CK$1,1,0) -> 0 | ... BR64: =IF(BR$1-$AW64>$CK$1,1,0) -> 1 | BS64: =IF(AND(BD64=1,$AP64=1),1,0) -> 0 | BT64: =IF(AND(BE64=1,$AP64=1),1,0) -> 0 | BU64: =IF(AND(BF64=1,$AP64=1),1,0) -> 0 | BV64: =IF(AND(BG64=1,$AP64=1),1,0) -> 0 | BW64: =IF(AND(BH64=1,$AP64=1),1,0) -> 0 | BX64: =IF(AND(BI64=1,$AP64=1),1,0) -> 0 | BY64: =IF(AND(BJ64=1,$AP64=1),1,0) -> 0 | BZ64: =IF(AND(BK64=1,$AP64=1),1,0) -> 0 | ... CG64: =IF(AND(BR64=1,$AP64=1),1,0) -> 1
A65: 3DD.003E3394B6 | B65: 12H | C65: 2023 | D65: 2025 | E65: McCall Hatchery | F65: SF SALMON | G65: KNOXB - Knox Bridge, SF Salmon River | H65: KNOXB | I65: AD | L65: RAL | M65: 50.77 | N65: 1 | T65: 46182 | V65: 46186 | W65: 46188 | X65: 46189 | Y65: 46191 | Z65: 46193 | AA65: 2026 | AB65: Jack | AC65: McCall-Segregated | AD65: =IF(COUNT(O65:Z65)>0,1,0) -> 1 | AE65: =IF(COUNT(O65:T65)>0,1,0) -> 1 | AF65: =IF(COUNT(S65:Z65)>0,1,0) -> 1 | AG65: =IF(COUNT(S65:T65)>0,1,0) -> 1 | AH65: =IF(COUNT(U65:Z65)>0,1,0) -> 1 | AI65: =IF(COUNT(U65:V65)>0,1,0) -> 1 | AJ65: =IF(COUNT(W65:Z65)>0,1,0) -> 1 | AK65: =IF(COUNT(W65)>0,1,0) -> 1 | AL65: =IF(COUNT(X65:Z65)>0,1,0) -> 1 | AM65: =IF(COUNT(X65)>0,1,0) -> 1 | AN65: =IF(COUNT(Y65:Z65)>0,1,0) -> 1 | AO65: =IF(COUNT(Y65)>0,1,0) -> 1 | AP65: =IF(COUNT(Z65)>0,1,0) -> 1 | AQ65: =IF(AE65+AI65>1,1,0) -> 1 | AR65: =IF(AE65+AK65>1,1,0) -> 1 | AS65: =IF(AP65+AE65>1,1,0) -> 1 | AT65: =IF(AQ65=1,MIN(U65:V65)-MIN(O65:T65),"na") -> 4 | AU65: =IF(AR65=1,MAX(W65)-MIN(O65:T65),"na") -> 6 | AV65: =IF(AS65=1,+Z65-MIN(O65:T65),"na") -> 11 | AW65: =IF(AE65>0,DATE(1900,MONTH(MIN(O65:T65)),DAY(MIN(O65:T65))),"na") -> 161 | AX65: =IF(AG65>0,DATE(1900,MONTH(MIN(S65:T65)),DAY(MIN(S65:T65))),"na") -> 161 | AY65: =IF(AI65>0,DATE(1900,MONTH(MIN(U65:V65)),DAY(MIN(U65:V65))),"na") -> 165 | AZ65: =IF(AK65>0,DATE(1900,MONTH(MIN(W65)),DAY(MIN(W65))),"na") -> 167 | BA65: =IF(AM65>0,DATE(1900,MONTH(MIN(X65)),DAY(MIN(X65))),"na") -> 168 | BB65: =IF(AO65>0,DATE(1900,MONTH(MIN(Y65)),DAY(MIN(Y65))),"na") -> 170 | BC65: =IF(AP65>0,DATE(1900,MONTH(Z65),DAY(Z65)),"na") -> 172 | BD65: =IF(BD$1-$AW65>$CK$1,1,0) -> 0 | BE65: =IF(BE$1-$AW65>$CK$1,1,0) -> 0 | BF65: =IF(BF$1-$AW65>$CK$1,1,0) -> 0 | BG65: =IF(BG$1-$AW65>$CK$1,1,0) -> 0 | BH65: =IF(BH$1-$AW65>$CK$1,1,0) -> 0 | BI65: =IF(BI$1-$AW65>$CK$1,1,0) -> 0 | BJ65: =IF(BJ$1-$AW65>$CK$1,1,0) -> 0 | BK65: =IF(BK$1-$AW65>$CK$1,1,0) -> 0 | ... BR65: =IF(BR$1-$AW65>$CK$1,1,0) -> 1 | BS65: =IF(AND(BD65=1,$AP65=1),1,0) -> 0 | BT65: =IF(AND(BE65=1,$AP65=1),1,0) -> 0 | BU65: =IF(AND(BF65=1,$AP65=1),1,0) -> 0 | BV65: =IF(AND(BG65=1,$AP65=1),1,0) -> 0 | BW65: =IF(AND(BH65=1,$AP65=1),1,0) -> 0 | BX65: =IF(AND(BI65=1,$AP65=1),1,0) -> 0 | BY65: =IF(AND(BJ65=1,$AP65=1),1,0) -> 0 | BZ65: =IF(AND(BK65=1,$AP65=1),1,0) -> 0 | ... CG65: =IF(AND(BR65=1,$AP65=1),1,0) -> 1
A66: 3DD.003E33706C | B66: 12H | C66: 2023 | D66: 2025 | E66: McCall Hatchery | F66: SF SALMON | G66: KNOXB - Knox Bridge, SF Salmon River | H66: KNOXB | I66: AI CW | L66: RTR | M66: 1 | N66: 1 | R66: 46193 | S66: 46194 | V66: 46197 | W66: 46198 | X66: 46199 | Y66: 46200 | Z66: 46201 | AA66: 2026 | AB66: Jack | AC66: McCall-Integrated | AD66: =IF(COUNT(O66:Z66)>0,1,0) -> 1 | AE66: =IF(COUNT(O66:T66)>0,1,0) -> 1 | AF66: =IF(COUNT(S66:Z66)>0,1,0) -> 1 | AG66: =IF(COUNT(S66:T66)>0,1,0) -> 1 | AH66: =IF(COUNT(U66:Z66)>0,1,0) -> 1 | AI66: =IF(COUNT(U66:V66)>0,1,0) -> 1 | AJ66: =IF(COUNT(W66:Z66)>0,1,0) -> 1 | AK66: =IF(COUNT(W66)>0,1,0) -> 1 | AL66: =IF(COUNT(X66:Z66)>0,1,0) -> 1 | AM66: =IF(COUNT(X66)>0,1,0) -> 1 | AN66: =IF(COUNT(Y66:Z66)>0,1,0) -> 1 | AO66: =IF(COUNT(Y66)>0,1,0) -> 1 | AP66: =IF(COUNT(Z66)>0,1,0) -> 1 | AQ66: =IF(AE66+AI66>1,1,0) -> 1 | AR66: =IF(AE66+AK66>1,1,0) -> 1 | AS66: =IF(AP66+AE66>1,1,0) -> 1 | AT66: =IF(AQ66=1,MIN(U66:V66)-MIN(O66:T66),"na") -> 4 | AU66: =IF(AR66=1,MAX(W66)-MIN(O66:T66),"na") -> 5 | AV66: =IF(AS66=1,+Z66-MIN(O66:T66),"na") -> 8 | AW66: =IF(AE66>0,DATE(1900,MONTH(MIN(O66:T66)),DAY(MIN(O66:T66))),"na") -> 172 | AX66: =IF(AG66>0,DATE(1900,MONTH(MIN(S66:T66)),DAY(MIN(S66:T66))),"na") -> 173 | AY66: =IF(AI66>0,DATE(1900,MONTH(MIN(U66:V66)),DAY(MIN(U66:V66))),"na") -> 176 | AZ66: =IF(AK66>0,DATE(1900,MONTH(MIN(W66)),DAY(MIN(W66))),"na") -> 177 | BA66: =IF(AM66>0,DATE(1900,MONTH(MIN(X66)),DAY(MIN(X66))),"na") -> 178 | BB66: =IF(AO66>0,DATE(1900,MONTH(MIN(Y66)),DAY(MIN(Y66))),"na") -> 179 | BC66: =IF(AP66>0,DATE(1900,MONTH(Z66),DAY(Z66)),"na") -> 180 | BD66: =IF(BD$1-$AW66>$CK$1,1,0) -> 0 | BE66: =IF(BE$1-$AW66>$CK$1,1,0) -> 0 | BF66: =IF(BF$1-$AW66>$CK$1,1,0) -> 0 | BG66: =IF(BG$1-$AW66>$CK$1,1,0) -> 0 | BH66: =IF(BH$1-$AW66>$CK$1,1,0) -> 0 | BI66: =IF(BI$1-$AW66>$CK$1,1,0) -> 0 | BJ66: =IF(BJ$1-$AW66>$CK$1,1,0) -> 0 | BK66: =IF(BK$1-$AW66>$CK$1,1,0) -> 0 | ... BR66: =IF(BR$1-$AW66>$CK$1,1,0) -> 0 | BS66: =IF(AND(BD66=1,$AP66=1),1,0) -> 0 | BT66: =IF(AND(BE66=1,$AP66=1),1,0) -> 0 | BU66: =IF(AND(BF66=1,$AP66=1),1,0) -> 0 | BV66: =IF(AND(BG66=1,$AP66=1),1,0) -> 0 | BW66: =IF(AND(BH66=1,$AP66=1),1,0) -> 0 | BX66: =IF(AND(BI66=1,$AP66=1),1,0) -> 0 | BY66: =IF(AND(BJ66=1,$AP66=1),1,0) -> 0 | BZ66: =IF(AND(BK66=1,$AP66=1),1,0) -> 0 | ... CG66: =IF(AND(BR66=1,$AP66=1),1,0) -> 0
A67: 3DD.003DA7000F | B67: 11H | C67: 2023 | D67: 2025 | E67: Rapid River Hatchery | F67: RAPID RIVER | G67: RAPH - Rapid River Hatchery | H67: RAPH | I67: AD | L67: RAL | M67: 74.25 | N67: 1 | R67: 46154 | S67: 46157 | U67: 46161 | W67: 46164 | X67: 46171 | Y67: 46173 | Z67: 46174 | AA67: 2026 | AB67: Jack | AC67: Rapid River | AD67: =IF(COUNT(O67:Z67)>0,1,0) -> 1 | AE67: =IF(COUNT(O67:T67)>0,1,0) -> 1 | AF67: =IF(COUNT(S67:Z67)>0,1,0) -> 1 | AG67: =IF(COUNT(S67:T67)>0,1,0) -> 1 | AH67: =IF(COUNT(U67:Z67)>0,1,0) -> 1 | AI67: =IF(COUNT(U67:V67)>0,1,0) -> 1 | AJ67: =IF(COUNT(W67:Z67)>0,1,0) -> 1 | AK67: =IF(COUNT(W67)>0,1,0) -> 1 | AL67: =IF(COUNT(X67:Z67)>0,1,0) -> 1 | AM67: =IF(COUNT(X67)>0,1,0) -> 1 | AN67: =IF(COUNT(Y67:Z67)>0,1,0) -> 1 | AO67: =IF(COUNT(Y67)>0,1,0) -> 1 | AP67: =IF(COUNT(Z67)>0,1,0) -> 1 | AQ67: =IF(AE67+AI67>1,1,0) -> 1 | AR67: =IF(AE67+AK67>1,1,0) -> 1 | AS67: =IF(AP67+AE67>1,1,0) -> 1 | AT67: =IF(AQ67=1,MIN(U67:V67)-MIN(O67:T67),"na") -> 7 | AU67: =IF(AR67=1,MAX(W67)-MIN(O67:T67),"na") -> 10 | AV67: =IF(AS67=1,+Z67-MIN(O67:T67),"na") -> 20 | AW67: =IF(AE67>0,DATE(1900,MONTH(MIN(O67:T67)),DAY(MIN(O67:T67))),"na") -> 133 | AX67: =IF(AG67>0,DATE(1900,MONTH(MIN(S67:T67)),DAY(MIN(S67:T67))),"na") -> 136 | AY67: =IF(AI67>0,DATE(1900,MONTH(MIN(U67:V67)),DAY(MIN(U67:V67))),"na") -> 140 | AZ67: =IF(AK67>0,DATE(1900,MONTH(MIN(W67)),DAY(MIN(W67))),"na") -> 143 | BA67: =IF(AM67>0,DATE(1900,MONTH(MIN(X67)),DAY(MIN(X67))),"na") -> 150 | BB67: =IF(AO67>0,DATE(1900,MONTH(MIN(Y67)),DAY(MIN(Y67))),"na") -> 152 | BC67: =IF(AP67>0,DATE(1900,MONTH(Z67),DAY(Z67)),"na") -> 153 | BD67: =IF(BD$1-$AW67>$CK$1,1,0) -> 0 | BE67: =IF(BE$1-$AW67>$CK$1,1,0) -> 0 | BF67: =IF(BF$1-$AW67>$CK$1,1,0) -> 0 | BG67: =IF(BG$1-$AW67>$CK$1,1,0) -> 0 | BH67: =IF(BH$1-$AW67>$CK$1,1,0) -> 0 | BI67: =IF(BI$1-$AW67>$CK$1,1,0) -> 0 | BJ67: =IF(BJ$1-$AW67>$CK$1,1,0) -> 0 | BK67: =IF(BK$1-$AW67>$CK$1,1,0) -> 0 | ... BR67: =IF(BR$1-$AW67>$CK$1,1,0) -> 1 | BS67: =IF(AND(BD67=1,$AP67=1),1,0) -> 0 | BT67: =IF(AND(BE67=1,$AP67=1),1,0) -> 0 | BU67: =IF(AND(BF67=1,$AP67=1),1,0) -> 0 | BV67: =IF(AND(BG67=1,$AP67=1),1,0) -> 0 | BW67: =IF(AND(BH67=1,$AP67=1),1,0) -> 0 | BX67: =IF(AND(BI67=1,$AP67=1),1,0) -> 0 | BY67: =IF(AND(BJ67=1,$AP67=1),1,0) -> 0 | BZ67: =IF(AND(BK67=1,$AP67=1),1,0) -> 0 | ... CG67: =IF(AND(BR67=1,$AP67=1),1,0) -> 1
A68: 3DD.003E3353F1 | B68: 12H | C68: 2023 | D68: 2025 | E68: McCall Hatchery | F68: SF SALMON | G68: KNOXB - Knox Bridge, SF Salmon River | H68: KNOXB | I68: AI CW | L68: RAL | M68: 7.74 | N68: 1 | O68: 46175 | AA68: 2026 | AB68: Jack | AC68: McCall-Integrated | AD68: =IF(COUNT(O68:Z68)>0,1,0) -> 1 | AE68: =IF(COUNT(O68:T68)>0,1,0) -> 1 | AF68: =IF(COUNT(S68:Z68)>0,1,0) -> 0 | AG68: =IF(COUNT(S68:T68)>0,1,0) -> 0 | AH68: =IF(COUNT(U68:Z68)>0,1,0) -> 0 | AI68: =IF(COUNT(U68:V68)>0,1,0) -> 0 | AJ68: =IF(COUNT(W68:Z68)>0,1,0) -> 0 | AK68: =IF(COUNT(W68)>0,1,0) -> 0 | AL68: =IF(COUNT(X68:Z68)>0,1,0) -> 0 | AM68: =IF(COUNT(X68)>0,1,0) -> 0 | AN68: =IF(COUNT(Y68:Z68)>0,1,0) -> 0 | AO68: =IF(COUNT(Y68)>0,1,0) -> 0 | AP68: =IF(COUNT(Z68)>0,1,0) -> 0 | AQ68: =IF(AE68+AI68>1,1,0) -> 0 | AR68: =IF(AE68+AK68>1,1,0) -> 0 | AS68: =IF(AP68+AE68>1,1,0) -> 0 | AT68: =IF(AQ68=1,MIN(U68:V68)-MIN(O68:T68),"na") -> na | AU68: =IF(AR68=1,MAX(W68)-MIN(O68:T68),"na") -> na | AV68: =IF(AS68=1,+Z68-MIN(O68:T68),"na") -> na | AW68: =IF(AE68>0,DATE(1900,MONTH(MIN(O68:T68)),DAY(MIN(O68:T68))),"na") -> 154 | AX68: =IF(AG68>0,DATE(1900,MONTH(MIN(S68:T68)),DAY(MIN(S68:T68))),"na") -> na | AY68: =IF(AI68>0,DATE(1900,MONTH(MIN(U68:V68)),DAY(MIN(U68:V68))),"na") -> na | AZ68: =IF(AK68>0,DATE(1900,MONTH(MIN(W68)),DAY(MIN(W68))),"na") -> na | BA68: =IF(AM68>0,DATE(1900,MONTH(MIN(X68)),DAY(MIN(X68))),"na") -> na | BB68: =IF(AO68>0,DATE(1900,MONTH(MIN(Y68)),DAY(MIN(Y68))),"na") -> na | BC68: =IF(AP68>0,DATE(1900,MONTH(Z68),DAY(Z68)),"na") -> na | BD68: =IF(BD$1-$AW68>$CK$1,1,0) -> 0 | BE68: =IF(BE$1-$AW68>$CK$1,1,0) -> 0 | BF68: =IF(BF$1-$AW68>$CK$1,1,0) -> 0 | BG68: =IF(BG$1-$AW68>$CK$1,1,0) -> 0 | BH68: =IF(BH$1-$AW68>$CK$1,1,0) -> 0 | BI68: =IF(BI$1-$AW68>$CK$1,1,0) -> 0 | BJ68: =IF(BJ$1-$AW68>$CK$1,1,0) -> 0 | BK68: =IF(BK$1-$AW68>$CK$1,1,0) -> 0 | ... BR68: =IF(BR$1-$AW68>$CK$1,1,0) -> 1 | BS68: =IF(AND(BD68=1,$AP68=1),1,0) -> 0 | BT68: =IF(AND(BE68=1,$AP68=1),1,0) -> 0 | BU68: =IF(AND(BF68=1,$AP68=1),1,0) -> 0 | BV68: =IF(AND(BG68=1,$AP68=1),1,0) -> 0 | BW68: =IF(AND(BH68=1,$AP68=1),1,0) -> 0 | BX68: =IF(AND(BI68=1,$AP68=1),1,0) -> 0 | BY68: =IF(AND(BJ68=1,$AP68=1),1,0) -> 0 | BZ68: =IF(AND(BK68=1,$AP68=1),1,0) -> 0 | ... CG68: =IF(AND(BR68=1,$AP68=1),1,0) -> 0
A69: 3DD.003E077014 | B69: 12H | C69: 2022 | D69: 2024 | E69: McCall Hatchery | F69: SF SALMON | G69: KNOXB - Knox Bridge, SF Salmon River | H69: KNOXB | I69: AD | L69: RAL | M69: 44.42 | N69: 2 | P69: 46166 | R69: 46167 | AA69: 2026 | AB69: Adult | AC69: McCall-Segregated | AD69: =IF(COUNT(O69:Z69)>0,1,0) -> 1 | AE69: =IF(COUNT(O69:T69)>0,1,0) -> 1 | AF69: =IF(COUNT(S69:Z69)>0,1,0) -> 0 | AG69: =IF(COUNT(S69:T69)>0,1,0) -> 0 | AH69: =IF(COUNT(U69:Z69)>0,1,0) -> 0 | AI69: =IF(COUNT(U69:V69)>0,1,0) -> 0 | AJ69: =IF(COUNT(W69:Z69)>0,1,0) -> 0 | AK69: =IF(COUNT(W69)>0,1,0) -> 0 | AL69: =IF(COUNT(X69:Z69)>0,1,0) -> 0 | AM69: =IF(COUNT(X69)>0,1,0) -> 0 | AN69: =IF(COUNT(Y69:Z69)>0,1,0) -> 0 | AO69: =IF(COUNT(Y69)>0,1,0) -> 0 | AP69: =IF(COUNT(Z69)>0,1,0) -> 0 | AQ69: =IF(AE69+AI69>1,1,0) -> 0 | AR69: =IF(AE69+AK69>1,1,0) -> 0 | AS69: =IF(AP69+AE69>1,1,0) -> 0 | AT69: =IF(AQ69=1,MIN(U69:V69)-MIN(O69:T69),"na") -> na | AU69: =IF(AR69=1,MAX(W69)-MIN(O69:T69),"na") -> na | AV69: =IF(AS69=1,+Z69-MIN(O69:T69),"na") -> na | AW69: =IF(AE69>0,DATE(1900,MONTH(MIN(O69:T69)),DAY(MIN(O69:T69))),"na") -> 145 | AX69: =IF(AG69>0,DATE(1900,MONTH(MIN(S69:T69)),DAY(MIN(S69:T69))),"na") -> na | AY69: =IF(AI69>0,DATE(1900,MONTH(MIN(U69:V69)),DAY(MIN(U69:V69))),"na") -> na | AZ69: =IF(AK69>0,DATE(1900,MONTH(MIN(W69)),DAY(MIN(W69))),"na") -> na | BA69: =IF(AM69>0,DATE(1900,MONTH(MIN(X69)),DAY(MIN(X69))),"na") -> na | BB69: =IF(AO69>0,DATE(1900,MONTH(MIN(Y69)),DAY(MIN(Y69))),"na") -> na | BC69: =IF(AP69>0,DATE(1900,MONTH(Z69),DAY(Z69)),"na") -> na | BD69: =IF(BD$1-$AW69>$CK$1,1,0) -> 0 | BE69: =IF(BE$1-$AW69>$CK$1,1,0) -> 0 | BF69: =IF(BF$1-$AW69>$CK$1,1,0) -> 0 | BG69: =IF(BG$1-$AW69>$CK$1,1,0) -> 0 | BH69: =IF(BH$1-$AW69>$CK$1,1,0) -> 0 | BI69: =IF(BI$1-$AW69>$CK$1,1,0) -> 0 | BJ69: =IF(BJ$1-$AW69>$CK$1,1,0) -> 0 | BK69: =IF(BK$1-$AW69>$CK$1,1,0) -> 0 | ... BR69: =IF(BR$1-$AW69>$CK$1,1,0) -> 1 | BS69: =IF(AND(BD69=1,$AP69=1),1,0) -> 0 | BT69: =IF(AND(BE69=1,$AP69=1),1,0) -> 0 | BU69: =IF(AND(BF69=1,$AP69=1),1,0) -> 0 | BV69: =IF(AND(BG69=1,$AP69=1),1,0) -> 0 | BW69: =IF(AND(BH69=1,$AP69=1),1,0) -> 0 | BX69: =IF(AND(BI69=1,$AP69=1),1,0) -> 0 | BY69: =IF(AND(BJ69=1,$AP69=1),1,0) -> 0 | BZ69: =IF(AND(BK69=1,$AP69=1),1,0) -> 0 | ... CG69: =IF(AND(BR69=1,$AP69=1),1,0) -> 0
A70: 3DD.003E0763ED | B70: 11H | C70: 2022 | D70: 2024 | E70: Sawtooth Hatchery | F70: PAHSIMEROI | G70: PANTCW - Panther Creek Weir Trib of Salmon River | H70: PANTCW | I70: AD | L70: RTR | M70: 1 | N70: 2 | O70: 46149 | S70: 46153 | U70: 46157 | W70: 46160 | X70: 46172 | Y70: 46174 | Z70: 46175 | AA70: 2026 | AB70: Adult | AC70: Sawtooth-Panther Cr Ad-Clip | AD70: =IF(COUNT(O70:Z70)>0,1,0) -> 1 | AE70: =IF(COUNT(O70:T70)>0,1,0) -> 1 | AF70: =IF(COUNT(S70:Z70)>0,1,0) -> 1 | AG70: =IF(COUNT(S70:T70)>0,1,0) -> 1 | AH70: =IF(COUNT(U70:Z70)>0,1,0) -> 1 | AI70: =IF(COUNT(U70:V70)>0,1,0) -> 1 | AJ70: =IF(COUNT(W70:Z70)>0,1,0) -> 1 | AK70: =IF(COUNT(W70)>0,1,0) -> 1 | AL70: =IF(COUNT(X70:Z70)>0,1,0) -> 1 | AM70: =IF(COUNT(X70)>0,1,0) -> 1 | AN70: =IF(COUNT(Y70:Z70)>0,1,0) -> 1 | AO70: =IF(COUNT(Y70)>0,1,0) -> 1 | AP70: =IF(COUNT(Z70)>0,1,0) -> 1 | AQ70: =IF(AE70+AI70>1,1,0) -> 1 | AR70: =IF(AE70+AK70>1,1,0) -> 1 | AS70: =IF(AP70+AE70>1,1,0) -> 1 | AT70: =IF(AQ70=1,MIN(U70:V70)-MIN(O70:T70),"na") -> 8 | AU70: =IF(AR70=1,MAX(W70)-MIN(O70:T70),"na") -> 11 | AV70: =IF(AS70=1,+Z70-MIN(O70:T70),"na") -> 26 | AW70: =IF(AE70>0,DATE(1900,MONTH(MIN(O70:T70)),DAY(MIN(O70:T70))),"na") -> 128 | AX70: =IF(AG70>0,DATE(1900,MONTH(MIN(S70:T70)),DAY(MIN(S70:T70))),"na") -> 132 | AY70: =IF(AI70>0,DATE(1900,MONTH(MIN(U70:V70)),DAY(MIN(U70:V70))),"na") -> 136 | AZ70: =IF(AK70>0,DATE(1900,MONTH(MIN(W70)),DAY(MIN(W70))),"na") -> 139 | BA70: =IF(AM70>0,DATE(1900,MONTH(MIN(X70)),DAY(MIN(X70))),"na") -> 151 | BB70: =IF(AO70>0,DATE(1900,MONTH(MIN(Y70)),DAY(MIN(Y70))),"na") -> 153 | BC70: =IF(AP70>0,DATE(1900,MONTH(Z70),DAY(Z70)),"na") -> 154 | BD70: =IF(BD$1-$AW70>$CK$1,1,0) -> 0 | BE70: =IF(BE$1-$AW70>$CK$1,1,0) -> 0 | BF70: =IF(BF$1-$AW70>$CK$1,1,0) -> 0 | BG70: =IF(BG$1-$AW70>$CK$1,1,0) -> 0 | BH70: =IF(BH$1-$AW70>$CK$1,1,0) -> 0 | BI70: =IF(BI$1-$AW70>$CK$1,1,0) -> 0 | BJ70: =IF(BJ$1-$AW70>$CK$1,1,0) -> 0 | BK70: =IF(BK$1-$AW70>$CK$1,1,0) -> 0 | ... BR70: =IF(BR$1-$AW70>$CK$1,1,0) -> 1 | BS70: =IF(AND(BD70=1,$AP70=1),1,0) -> 0 | BT70: =IF(AND(BE70=1,$AP70=1),1,0) -> 0 | BU70: =IF(AND(BF70=1,$AP70=1),1,0) -> 0 | BV70: =IF(AND(BG70=1,$AP70=1),1,0) -> 0 | BW70: =IF(AND(BH70=1,$AP70=1),1,0) -> 0 | BX70: =IF(AND(BI70=1,$AP70=1),1,0) -> 0 | BY70: =IF(AND(BJ70=1,$AP70=1),1,0) -> 0 | BZ70: =IF(AND(BK70=1,$AP70=1),1,0) -> 0 | ... CG70: =IF(AND(BR70=1,$AP70=1),1,0) -> 1
A71: 3DD.003E0766CD | B71: 11H | C71: 2022 | D71: 2024 | E71: Sawtooth Hatchery | F71: SALMON R | G71: ALTULC - Alturas Lake Creek | H71: ALTULC | I71: AI CW | L71: RTR | M71: 1 | N71: 2 | O71: 46177 | S71: 46178 | U71: 46184 | W71: 46186 | X71: 46188 | Y71: 46189 | Z71: 46190 | AA71: 2026 | AB71: Adult | AC71: Sawtooth-Integrated | AD71: =IF(COUNT(O71:Z71)>0,1,0) -> 1 | AE71: =IF(COUNT(O71:T71)>0,1,0) -> 1 | AF71: =IF(COUNT(S71:Z71)>0,1,0) -> 1 | AG71: =IF(COUNT(S71:T71)>0,1,0) -> 1 | AH71: =IF(COUNT(U71:Z71)>0,1,0) -> 1 | AI71: =IF(COUNT(U71:V71)>0,1,0) -> 1 | AJ71: =IF(COUNT(W71:Z71)>0,1,0) -> 1 | AK71: =IF(COUNT(W71)>0,1,0) -> 1 | AL71: =IF(COUNT(X71:Z71)>0,1,0) -> 1 | AM71: =IF(COUNT(X71)>0,1,0) -> 1 | AN71: =IF(COUNT(Y71:Z71)>0,1,0) -> 1 | AO71: =IF(COUNT(Y71)>0,1,0) -> 1 | AP71: =IF(COUNT(Z71)>0,1,0) -> 1 | AQ71: =IF(AE71+AI71>1,1,0) -> 1 | AR71: =IF(AE71+AK71>1,1,0) -> 1 | AS71: =IF(AP71+AE71>1,1,0) -> 1 | AT71: =IF(AQ71=1,MIN(U71:V71)-MIN(O71:T71),"na") -> 7 | AU71: =IF(AR71=1,MAX(W71)-MIN(O71:T71),"na") -> 9 | AV71: =IF(AS71=1,+Z71-MIN(O71:T71),"na") -> 13 | AW71: =IF(AE71>0,DATE(1900,MONTH(MIN(O71:T71)),DAY(MIN(O71:T71))),"na") -> 156 | AX71: =IF(AG71>0,DATE(1900,MONTH(MIN(S71:T71)),DAY(MIN(S71:T71))),"na") -> 157 | AY71: =IF(AI71>0,DATE(1900,MONTH(MIN(U71:V71)),DAY(MIN(U71:V71))),"na") -> 163 | AZ71: =IF(AK71>0,DATE(1900,MONTH(MIN(W71)),DAY(MIN(W71))),"na") -> 165 | BA71: =IF(AM71>0,DATE(1900,MONTH(MIN(X71)),DAY(MIN(X71))),"na") -> 167 | BB71: =IF(AO71>0,DATE(1900,MONTH(MIN(Y71)),DAY(MIN(Y71))),"na") -> 168 | BC71: =IF(AP71>0,DATE(1900,MONTH(Z71),DAY(Z71)),"na") -> 169 | BD71: =IF(BD$1-$AW71>$CK$1,1,0) -> 0 | BE71: =IF(BE$1-$AW71>$CK$1,1,0) -> 0 | BF71: =IF(BF$1-$AW71>$CK$1,1,0) -> 0 | BG71: =IF(BG$1-$AW71>$CK$1,1,0) -> 0 | BH71: =IF(BH$1-$AW71>$CK$1,1,0) -> 0 | BI71: =IF(BI$1-$AW71>$CK$1,1,0) -> 0 | BJ71: =IF(BJ$1-$AW71>$CK$1,1,0) -> 0 | BK71: =IF(BK$1-$AW71>$CK$1,1,0) -> 0 | ... BR71: =IF(BR$1-$AW71>$CK$1,1,0) -> 1 | BS71: =IF(AND(BD71=1,$AP71=1),1,0) -> 0 | BT71: =IF(AND(BE71=1,$AP71=1),1,0) -> 0 | BU71: =IF(AND(BF71=1,$AP71=1),1,0) -> 0 | BV71: =IF(AND(BG71=1,$AP71=1),1,0) -> 0 | BW71: =IF(AND(BH71=1,$AP71=1),1,0) -> 0 | BX71: =IF(AND(BI71=1,$AP71=1),1,0) -> 0 | BY71: =IF(AND(BJ71=1,$AP71=1),1,0) -> 0 | BZ71: =IF(AND(BK71=1,$AP71=1),1,0) -> 0 | ... CG71: =IF(AND(BR71=1,$AP71=1),1,0) -> 1
A72: 3DD.003D36B579 | B72: 11H | C72: 2022 | D72: 2024 | E72: Nez Perce Tribal Hatchery | G72: NPTH - Nez Perce Tribal Hatchery | H72: NPTH | N72: 2 | Q72: 46154 | R72: 46154 | T72: 46155 | U72: 46161 | W72: 46163 | X72: 46168 | Y72: 46171 | Z72: 46172 | AA72: 2026 | AB72: Adult | AD72: =IF(COUNT(O72:Z72)>0,1,0) -> 1 | AE72: =IF(COUNT(O72:T72)>0,1,0) -> 1 | AF72: =IF(COUNT(S72:Z72)>0,1,0) -> 1 | AG72: =IF(COUNT(S72:T72)>0,1,0) -> 1 | AH72: =IF(COUNT(U72:Z72)>0,1,0) -> 1 | AI72: =IF(COUNT(U72:V72)>0,1,0) -> 1 | AJ72: =IF(COUNT(W72:Z72)>0,1,0) -> 1 | AK72: =IF(COUNT(W72)>0,1,0) -> 1 | AL72: =IF(COUNT(X72:Z72)>0,1,0) -> 1 | AM72: =IF(COUNT(X72)>0,1,0) -> 1 | AN72: =IF(COUNT(Y72:Z72)>0,1,0) -> 1 | AO72: =IF(COUNT(Y72)>0,1,0) -> 1 | AP72: =IF(COUNT(Z72)>0,1,0) -> 1 | AQ72: =IF(AE72+AI72>1,1,0) -> 1 | AR72: =IF(AE72+AK72>1,1,0) -> 1 | AS72: =IF(AP72+AE72>1,1,0) -> 1 | AT72: =IF(AQ72=1,MIN(U72:V72)-MIN(O72:T72),"na") -> 7 | AU72: =IF(AR72=1,MAX(W72)-MIN(O72:T72),"na") -> 9 | AV72: =IF(AS72=1,+Z72-MIN(O72:T72),"na") -> 18 | AW72: =IF(AE72>0,DATE(1900,MONTH(MIN(O72:T72)),DAY(MIN(O72:T72))),"na") -> 133 | AX72: =IF(AG72>0,DATE(1900,MONTH(MIN(S72:T72)),DAY(MIN(S72:T72))),"na") -> 134 | AY72: =IF(AI72>0,DATE(1900,MONTH(MIN(U72:V72)),DAY(MIN(U72:V72))),"na") -> 140 | AZ72: =IF(AK72>0,DATE(1900,MONTH(MIN(W72)),DAY(MIN(W72))),"na") -> 142 | BA72: =IF(AM72>0,DATE(1900,MONTH(MIN(X72)),DAY(MIN(X72))),"na") -> 147 | BB72: =IF(AO72>0,DATE(1900,MONTH(MIN(Y72)),DAY(MIN(Y72))),"na") -> 150 | BC72: =IF(AP72>0,DATE(1900,MONTH(Z72),DAY(Z72)),"na") -> 151 | BD72: =IF(BD$1-$AW72>$CK$1,1,0) -> 0 | BE72: =IF(BE$1-$AW72>$CK$1,1,0) -> 0 | BF72: =IF(BF$1-$AW72>$CK$1,1,0) -> 0 | BG72: =IF(BG$1-$AW72>$CK$1,1,0) -> 0 | BH72: =IF(BH$1-$AW72>$CK$1,1,0) -> 0 | BI72: =IF(BI$1-$AW72>$CK$1,1,0) -> 0 | BJ72: =IF(BJ$1-$AW72>$CK$1,1,0) -> 0 | BK72: =IF(BK$1-$AW72>$CK$1,1,0) -> 0 | ... BR72: =IF(BR$1-$AW72>$CK$1,1,0) -> 1 | BS72: =IF(AND(BD72=1,$AP72=1),1,0) -> 0 | BT72: =IF(AND(BE72=1,$AP72=1),1,0) -> 0 | BU72: =IF(AND(BF72=1,$AP72=1),1,0) -> 0 | BV72: =IF(AND(BG72=1,$AP72=1),1,0) -> 0 | BW72: =IF(AND(BH72=1,$AP72=1),1,0) -> 0 | BX72: =IF(AND(BI72=1,$AP72=1),1,0) -> 0 | BY72: =IF(AND(BJ72=1,$AP72=1),1,0) -> 0 | BZ72: =IF(AND(BK72=1,$AP72=1),1,0) -> 0 | ... CG72: =IF(AND(BR72=1,$AP72=1),1,0) -> 1
A73: 3DD.003D36ABEE | B73: 11H | C73: 2022 | D73: 2024 | E73: Nez Perce Tribal Hatchery | G73: NPTH - Nez Perce Tribal Hatchery | H73: NPTH | N73: 2 | Q73: 46142 | R73: 46142 | S73: 46144 | U73: 46150 | W73: 46151 | X73: 46153 | Y73: 46157 | Z73: 46158 | AA73: 2026 | AB73: Adult | AD73: =IF(COUNT(O73:Z73)>0,1,0) -> 1 | AE73: =IF(COUNT(O73:T73)>0,1,0) -> 1 | AF73: =IF(COUNT(S73:Z73)>0,1,0) -> 1 | AG73: =IF(COUNT(S73:T73)>0,1,0) -> 1 | AH73: =IF(COUNT(U73:Z73)>0,1,0) -> 1 | AI73: =IF(COUNT(U73:V73)>0,1,0) -> 1 | AJ73: =IF(COUNT(W73:Z73)>0,1,0) -> 1 | AK73: =IF(COUNT(W73)>0,1,0) -> 1 | AL73: =IF(COUNT(X73:Z73)>0,1,0) -> 1 | AM73: =IF(COUNT(X73)>0,1,0) -> 1 | AN73: =IF(COUNT(Y73:Z73)>0,1,0) -> 1 | AO73: =IF(COUNT(Y73)>0,1,0) -> 1 | AP73: =IF(COUNT(Z73)>0,1,0) -> 1 | AQ73: =IF(AE73+AI73>1,1,0) -> 1 | AR73: =IF(AE73+AK73>1,1,0) -> 1 | AS73: =IF(AP73+AE73>1,1,0) -> 1 | AT73: =IF(AQ73=1,MIN(U73:V73)-MIN(O73:T73),"na") -> 8 | AU73: =IF(AR73=1,MAX(W73)-MIN(O73:T73),"na") -> 9 | AV73: =IF(AS73=1,+Z73-MIN(O73:T73),"na") -> 16 | AW73: =IF(AE73>0,DATE(1900,MONTH(MIN(O73:T73)),DAY(MIN(O73:T73))),"na") -> 121 | AX73: =IF(AG73>0,DATE(1900,MONTH(MIN(S73:T73)),DAY(MIN(S73:T73))),"na") -> 123 | AY73: =IF(AI73>0,DATE(1900,MONTH(MIN(U73:V73)),DAY(MIN(U73:V73))),"na") -> 129 | AZ73: =IF(AK73>0,DATE(1900,MONTH(MIN(W73)),DAY(MIN(W73))),"na") -> 130 | BA73: =IF(AM73>0,DATE(1900,MONTH(MIN(X73)),DAY(MIN(X73))),"na") -> 132 | BB73: =IF(AO73>0,DATE(1900,MONTH(MIN(Y73)),DAY(MIN(Y73))),"na") -> 136 | BC73: =IF(AP73>0,DATE(1900,MONTH(Z73),DAY(Z73)),"na") -> 137 | BD73: =IF(BD$1-$AW73>$CK$1,1,0) -> 0 | BE73: =IF(BE$1-$AW73>$CK$1,1,0) -> 0 | BF73: =IF(BF$1-$AW73>$CK$1,1,0) -> 0 | BG73: =IF(BG$1-$AW73>$CK$1,1,0) -> 0 | BH73: =IF(BH$1-$AW73>$CK$1,1,0) -> 0 | BI73: =IF(BI$1-$AW73>$CK$1,1,0) -> 0 | BJ73: =IF(BJ$1-$AW73>$CK$1,1,0) -> 0 | BK73: =IF(BK$1-$AW73>$CK$1,1,0) -> 0 | ... BR73: =IF(BR$1-$AW73>$CK$1,1,0) -> 1 | BS73: =IF(AND(BD73=1,$AP73=1),1,0) -> 0 | BT73: =IF(AND(BE73=1,$AP73=1),1,0) -> 0 | BU73: =IF(AND(BF73=1,$AP73=1),1,0) -> 0 | BV73: =IF(AND(BG73=1,$AP73=1),1,0) -> 0 | BW73: =IF(AND(BH73=1,$AP73=1),1,0) -> 0 | BX73: =IF(AND(BI73=1,$AP73=1),1,0) -> 0 | BY73: =IF(AND(BJ73=1,$AP73=1),1,0) -> 0 | BZ73: =IF(AND(BK73=1,$AP73=1),1,0) -> 0 | ... CG73: =IF(AND(BR73=1,$AP73=1),1,0) -> 1
A74: 3DD.003D36A96A | B74: 11H | C74: 2022 | D74: 2024 | E74: Nez Perce Tribal Hatchery | G74: NPTH - Nez Perce Tribal Hatchery | H74: NPTH | N74: 2 | Q74: 46135 | R74: 46135 | S74: 46137 | U74: 46143 | W74: 46146 | X74: 46147 | Y74: 46151 | Z74: 46152 | AA74: 2026 | AB74: Adult | AD74: =IF(COUNT(O74:Z74)>0,1,0) -> 1 | AE74: =IF(COUNT(O74:T74)>0,1,0) -> 1 | AF74: =IF(COUNT(S74:Z74)>0,1,0) -> 1 | AG74: =IF(COUNT(S74:T74)>0,1,0) -> 1 | AH74: =IF(COUNT(U74:Z74)>0,1,0) -> 1 | AI74: =IF(COUNT(U74:V74)>0,1,0) -> 1 | AJ74: =IF(COUNT(W74:Z74)>0,1,0) -> 1 | AK74: =IF(COUNT(W74)>0,1,0) -> 1 | AL74: =IF(COUNT(X74:Z74)>0,1,0) -> 1 | AM74: =IF(COUNT(X74)>0,1,0) -> 1 | AN74: =IF(COUNT(Y74:Z74)>0,1,0) -> 1 | AO74: =IF(COUNT(Y74)>0,1,0) -> 1 | AP74: =IF(COUNT(Z74)>0,1,0) -> 1 | AQ74: =IF(AE74+AI74>1,1,0) -> 1 | AR74: =IF(AE74+AK74>1,1,0) -> 1 | AS74: =IF(AP74+AE74>1,1,0) -> 1 | AT74: =IF(AQ74=1,MIN(U74:V74)-MIN(O74:T74),"na") -> 8 | AU74: =IF(AR74=1,MAX(W74)-MIN(O74:T74),"na") -> 11 | AV74: =IF(AS74=1,+Z74-MIN(O74:T74),"na") -> 17 | AW74: =IF(AE74>0,DATE(1900,MONTH(MIN(O74:T74)),DAY(MIN(O74:T74))),"na") -> 114 | AX74: =IF(AG74>0,DATE(1900,MONTH(MIN(S74:T74)),DAY(MIN(S74:T74))),"na") -> 116 | AY74: =IF(AI74>0,DATE(1900,MONTH(MIN(U74:V74)),DAY(MIN(U74:V74))),"na") -> 122 | AZ74: =IF(AK74>0,DATE(1900,MONTH(MIN(W74)),DAY(MIN(W74))),"na") -> 125 | BA74: =IF(AM74>0,DATE(1900,MONTH(MIN(X74)),DAY(MIN(X74))),"na") -> 126 | BB74: =IF(AO74>0,DATE(1900,MONTH(MIN(Y74)),DAY(MIN(Y74))),"na") -> 130 | BC74: =IF(AP74>0,DATE(1900,MONTH(Z74),DAY(Z74)),"na") -> 131 | BD74: =IF(BD$1-$AW74>$CK$1,1,0) -> 0 | BE74: =IF(BE$1-$AW74>$CK$1,1,0) -> 0 | BF74: =IF(BF$1-$AW74>$CK$1,1,0) -> 0 | BG74: =IF(BG$1-$AW74>$CK$1,1,0) -> 0 | BH74: =IF(BH$1-$AW74>$CK$1,1,0) -> 0 | BI74: =IF(BI$1-$AW74>$CK$1,1,0) -> 0 | BJ74: =IF(BJ$1-$AW74>$CK$1,1,0) -> 0 | BK74: =IF(BK$1-$AW74>$CK$1,1,0) -> 1 | ... BR74: =IF(BR$1-$AW74>$CK$1,1,0) -> 1 | BS74: =IF(AND(BD74=1,$AP74=1),1,0) -> 0 | BT74: =IF(AND(BE74=1,$AP74=1),1,0) -> 0 | BU74: =IF(AND(BF74=1,$AP74=1),1,0) -> 0 | BV74: =IF(AND(BG74=1,$AP74=1),1,0) -> 0 | BW74: =IF(AND(BH74=1,$AP74=1),1,0) -> 0 | BX74: =IF(AND(BI74=1,$AP74=1),1,0) -> 0 | BY74: =IF(AND(BJ74=1,$AP74=1),1,0) -> 0 | BZ74: =IF(AND(BK74=1,$AP74=1),1,0) -> 1 | ... CG74: =IF(AND(BR74=1,$AP74=1),1,0) -> 1
A75: 3DD.003D36A766 | B75: 11H | C75: 2022 | D75: 2024 | E75: Nez Perce Tribal Hatchery | G75: NPTH - Nez Perce Tribal Hatchery | H75: NPTH | N75: 2 | O75: 46148 | S75: 46151 | U75: 46155 | W75: 46157 | X75: 46158 | Y75: 46159 | Z75: 46161 | AA75: 2026 | AB75: Adult | AD75: =IF(COUNT(O75:Z75)>0,1,0) -> 1 | AE75: =IF(COUNT(O75:T75)>0,1,0) -> 1 | AF75: =IF(COUNT(S75:Z75)>0,1,0) -> 1 | AG75: =IF(COUNT(S75:T75)>0,1,0) -> 1 | AH75: =IF(COUNT(U75:Z75)>0,1,0) -> 1 | AI75: =IF(COUNT(U75:V75)>0,1,0) -> 1 | AJ75: =IF(COUNT(W75:Z75)>0,1,0) -> 1 | AK75: =IF(COUNT(W75)>0,1,0) -> 1 | AL75: =IF(COUNT(X75:Z75)>0,1,0) -> 1 | AM75: =IF(COUNT(X75)>0,1,0) -> 1 | AN75: =IF(COUNT(Y75:Z75)>0,1,0) -> 1 | AO75: =IF(COUNT(Y75)>0,1,0) -> 1 | AP75: =IF(COUNT(Z75)>0,1,0) -> 1 | AQ75: =IF(AE75+AI75>1,1,0) -> 1 | AR75: =IF(AE75+AK75>1,1,0) -> 1 | AS75: =IF(AP75+AE75>1,1,0) -> 1 | AT75: =IF(AQ75=1,MIN(U75:V75)-MIN(O75:T75),"na") -> 7 | AU75: =IF(AR75=1,MAX(W75)-MIN(O75:T75),"na") -> 9 | AV75: =IF(AS75=1,+Z75-MIN(O75:T75),"na") -> 13 | AW75: =IF(AE75>0,DATE(1900,MONTH(MIN(O75:T75)),DAY(MIN(O75:T75))),"na") -> 127 | AX75: =IF(AG75>0,DATE(1900,MONTH(MIN(S75:T75)),DAY(MIN(S75:T75))),"na") -> 130 | AY75: =IF(AI75>0,DATE(1900,MONTH(MIN(U75:V75)),DAY(MIN(U75:V75))),"na") -> 134 | AZ75: =IF(AK75>0,DATE(1900,MONTH(MIN(W75)),DAY(MIN(W75))),"na") -> 136 | BA75: =IF(AM75>0,DATE(1900,MONTH(MIN(X75)),DAY(MIN(X75))),"na") -> 137 | BB75: =IF(AO75>0,DATE(1900,MONTH(MIN(Y75)),DAY(MIN(Y75))),"na") -> 138 | BC75: =IF(AP75>0,DATE(1900,MONTH(Z75),DAY(Z75)),"na") -> 140 | BD75: =IF(BD$1-$AW75>$CK$1,1,0) -> 0 | BE75: =IF(BE$1-$AW75>$CK$1,1,0) -> 0 | BF75: =IF(BF$1-$AW75>$CK$1,1,0) -> 0 | BG75: =IF(BG$1-$AW75>$CK$1,1,0) -> 0 | BH75: =IF(BH$1-$AW75>$CK$1,1,0) -> 0 | BI75: =IF(BI$1-$AW75>$CK$1,1,0) -> 0 | BJ75: =IF(BJ$1-$AW75>$CK$1,1,0) -> 0 | BK75: =IF(BK$1-$AW75>$CK$1,1,0) -> 0 | ... BR75: =IF(BR$1-$AW75>$CK$1,1,0) -> 1 | BS75: =IF(AND(BD75=1,$AP75=1),1,0) -> 0 | BT75: =IF(AND(BE75=1,$AP75=1),1,0) -> 0 | BU75: =IF(AND(BF75=1,$AP75=1),1,0) -> 0 | BV75: =IF(AND(BG75=1,$AP75=1),1,0) -> 0 | BW75: =IF(AND(BH75=1,$AP75=1),1,0) -> 0 | BX75: =IF(AND(BI75=1,$AP75=1),1,0) -> 0 | BY75: =IF(AND(BJ75=1,$AP75=1),1,0) -> 0 | BZ75: =IF(AND(BK75=1,$AP75=1),1,0) -> 0 | ... CG75: =IF(AND(BR75=1,$AP75=1),1,0) -> 1
A76: 3DD.003D36A063 | B76: 11H | C76: 2022 | D76: 2024 | E76: Nez Perce Tribal Hatchery | G76: NPTH - Nez Perce Tribal Hatchery | H76: NPTH | N76: 2 | Q76: 46140 | R76: 46140 | AA76: 2026 | AB76: Adult | AD76: =IF(COUNT(O76:Z76)>0,1,0) -> 1 | AE76: =IF(COUNT(O76:T76)>0,1,0) -> 1 | AF76: =IF(COUNT(S76:Z76)>0,1,0) -> 0 | AG76: =IF(COUNT(S76:T76)>0,1,0) -> 0 | AH76: =IF(COUNT(U76:Z76)>0,1,0) -> 0 | AI76: =IF(COUNT(U76:V76)>0,1,0) -> 0 | AJ76: =IF(COUNT(W76:Z76)>0,1,0) -> 0 | AK76: =IF(COUNT(W76)>0,1,0) -> 0 | AL76: =IF(COUNT(X76:Z76)>0,1,0) -> 0 | AM76: =IF(COUNT(X76)>0,1,0) -> 0 | AN76: =IF(COUNT(Y76:Z76)>0,1,0) -> 0 | AO76: =IF(COUNT(Y76)>0,1,0) -> 0 | AP76: =IF(COUNT(Z76)>0,1,0) -> 0 | AQ76: =IF(AE76+AI76>1,1,0) -> 0 | AR76: =IF(AE76+AK76>1,1,0) -> 0 | AS76: =IF(AP76+AE76>1,1,0) -> 0 | AT76: =IF(AQ76=1,MIN(U76:V76)-MIN(O76:T76),"na") -> na | AU76: =IF(AR76=1,MAX(W76)-MIN(O76:T76),"na") -> na | AV76: =IF(AS76=1,+Z76-MIN(O76:T76),"na") -> na | AW76: =IF(AE76>0,DATE(1900,MONTH(MIN(O76:T76)),DAY(MIN(O76:T76))),"na") -> 119 | AX76: =IF(AG76>0,DATE(1900,MONTH(MIN(S76:T76)),DAY(MIN(S76:T76))),"na") -> na | AY76: =IF(AI76>0,DATE(1900,MONTH(MIN(U76:V76)),DAY(MIN(U76:V76))),"na") -> na | AZ76: =IF(AK76>0,DATE(1900,MONTH(MIN(W76)),DAY(MIN(W76))),"na") -> na | BA76: =IF(AM76>0,DATE(1900,MONTH(MIN(X76)),DAY(MIN(X76))),"na") -> na | BB76: =IF(AO76>0,DATE(1900,MONTH(MIN(Y76)),DAY(MIN(Y76))),"na") -> na | BC76: =IF(AP76>0,DATE(1900,MONTH(Z76),DAY(Z76)),"na") -> na | BD76: =IF(BD$1-$AW76>$CK$1,1,0) -> 0 | BE76: =IF(BE$1-$AW76>$CK$1,1,0) -> 0 | BF76: =IF(BF$1-$AW76>$CK$1,1,0) -> 0 | BG76: =IF(BG$1-$AW76>$CK$1,1,0) -> 0 | BH76: =IF(BH$1-$AW76>$CK$1,1,0) -> 0 | BI76: =IF(BI$1-$AW76>$CK$1,1,0) -> 0 | BJ76: =IF(BJ$1-$AW76>$CK$1,1,0) -> 0 | BK76: =IF(BK$1-$AW76>$CK$1,1,0) -> 1 | ... BR76: =IF(BR$1-$AW76>$CK$1,1,0) -> 1 | BS76: =IF(AND(BD76=1,$AP76=1),1,0) -> 0 | BT76: =IF(AND(BE76=1,$AP76=1),1,0) -> 0 | BU76: =IF(AND(BF76=1,$AP76=1),1,0) -> 0 | BV76: =IF(AND(BG76=1,$AP76=1),1,0) -> 0 | BW76: =IF(AND(BH76=1,$AP76=1),1,0) -> 0 | BX76: =IF(AND(BI76=1,$AP76=1),1,0) -> 0 | BY76: =IF(AND(BJ76=1,$AP76=1),1,0) -> 0 | BZ76: =IF(AND(BK76=1,$AP76=1),1,0) -> 0 | ... CG76: =IF(AND(BR76=1,$AP76=1),1,0) -> 0
A77: 3DD.003D36A017 | B77: 11H | C77: 2022 | D77: 2024 | E77: Nez Perce Tribal Hatchery | G77: NPTH - Nez Perce Tribal Hatchery | H77: NPTH | N77: 2 | O77: 46145 | AA77: 2026 | AB77: Adult | AD77: =IF(COUNT(O77:Z77)>0,1,0) -> 1 | AE77: =IF(COUNT(O77:T77)>0,1,0) -> 1 | AF77: =IF(COUNT(S77:Z77)>0,1,0) -> 0 | AG77: =IF(COUNT(S77:T77)>0,1,0) -> 0 | AH77: =IF(COUNT(U77:Z77)>0,1,0) -> 0 | AI77: =IF(COUNT(U77:V77)>0,1,0) -> 0 | AJ77: =IF(COUNT(W77:Z77)>0,1,0) -> 0 | AK77: =IF(COUNT(W77)>0,1,0) -> 0 | AL77: =IF(COUNT(X77:Z77)>0,1,0) -> 0 | AM77: =IF(COUNT(X77)>0,1,0) -> 0 | AN77: =IF(COUNT(Y77:Z77)>0,1,0) -> 0 | AO77: =IF(COUNT(Y77)>0,1,0) -> 0 | AP77: =IF(COUNT(Z77)>0,1,0) -> 0 | AQ77: =IF(AE77+AI77>1,1,0) -> 0 | AR77: =IF(AE77+AK77>1,1,0) -> 0 | AS77: =IF(AP77+AE77>1,1,0) -> 0 | AT77: =IF(AQ77=1,MIN(U77:V77)-MIN(O77:T77),"na") -> na | AU77: =IF(AR77=1,MAX(W77)-MIN(O77:T77),"na") -> na | AV77: =IF(AS77=1,+Z77-MIN(O77:T77),"na") -> na | AW77: =IF(AE77>0,DATE(1900,MONTH(MIN(O77:T77)),DAY(MIN(O77:T77))),"na") -> 124 | AX77: =IF(AG77>0,DATE(1900,MONTH(MIN(S77:T77)),DAY(MIN(S77:T77))),"na") -> na | AY77: =IF(AI77>0,DATE(1900,MONTH(MIN(U77:V77)),DAY(MIN(U77:V77))),"na") -> na | AZ77: =IF(AK77>0,DATE(1900,MONTH(MIN(W77)),DAY(MIN(W77))),"na") -> na | BA77: =IF(AM77>0,DATE(1900,MONTH(MIN(X77)),DAY(MIN(X77))),"na") -> na | BB77: =IF(AO77>0,DATE(1900,MONTH(MIN(Y77)),DAY(MIN(Y77))),"na") -> na | BC77: =IF(AP77>0,DATE(1900,MONTH(Z77),DAY(Z77)),"na") -> na | BD77: =IF(BD$1-$AW77>$CK$1,1,0) -> 0 | BE77: =IF(BE$1-$AW77>$CK$1,1,0) -> 0 | BF77: =IF(BF$1-$AW77>$CK$1,1,0) -> 0 | BG77: =IF(BG$1-$AW77>$CK$1,1,0) -> 0 | BH77: =IF(BH$1-$AW77>$CK$1,1,0) -> 0 | BI77: =IF(BI$1-$AW77>$CK$1,1,0) -> 0 | BJ77: =IF(BJ$1-$AW77>$CK$1,1,0) -> 0 | BK77: =IF(BK$1-$AW77>$CK$1,1,0) -> 0 | ... BR77: =IF(BR$1-$AW77>$CK$1,1,0) -> 1 | BS77: =IF(AND(BD77=1,$AP77=1),1,0) -> 0 | BT77: =IF(AND(BE77=1,$AP77=1),1,0) -> 0 | BU77: =IF(AND(BF77=1,$AP77=1),1,0) -> 0 | BV77: =IF(AND(BG77=1,$AP77=1),1,0) -> 0 | BW77: =IF(AND(BH77=1,$AP77=1),1,0) -> 0 | BX77: =IF(AND(BI77=1,$AP77=1),1,0) -> 0 | BY77: =IF(AND(BJ77=1,$AP77=1),1,0) -> 0 | BZ77: =IF(AND(BK77=1,$AP77=1),1,0) -> 0 | ... CG77: =IF(AND(BR77=1,$AP77=1),1,0) -> 0
A78: 3DD.003E0768BA | B78: 12H | C78: 2022 | D78: 2024 | E78: McCall Hatchery | F78: SF SALMON | G78: KNOXB - Knox Bridge, SF Salmon River | H78: KNOXB | I78: AI CW | L78: RAL | M78: 6.04 | N78: 2 | O78: 46177 | S78: 46180 | T78: 46181 | U78: 46189 | W78: 46191 | X78: 46192 | Y78: 46194 | Z78: 46196 | AA78: 2026 | AB78: Adult | AC78: McCall-Integrated | AD78: =IF(COUNT(O78:Z78)>0,1,0) -> 1 | AE78: =IF(COUNT(O78:T78)>0,1,0) -> 1 | AF78: =IF(COUNT(S78:Z78)>0,1,0) -> 1 | AG78: =IF(COUNT(S78:T78)>0,1,0) -> 1 | AH78: =IF(COUNT(U78:Z78)>0,1,0) -> 1 | AI78: =IF(COUNT(U78:V78)>0,1,0) -> 1 | AJ78: =IF(COUNT(W78:Z78)>0,1,0) -> 1 | AK78: =IF(COUNT(W78)>0,1,0) -> 1 | AL78: =IF(COUNT(X78:Z78)>0,1,0) -> 1 | AM78: =IF(COUNT(X78)>0,1,0) -> 1 | AN78: =IF(COUNT(Y78:Z78)>0,1,0) -> 1 | AO78: =IF(COUNT(Y78)>0,1,0) -> 1 | AP78: =IF(COUNT(Z78)>0,1,0) -> 1 | AQ78: =IF(AE78+AI78>1,1,0) -> 1 | AR78: =IF(AE78+AK78>1,1,0) -> 1 | AS78: =IF(AP78+AE78>1,1,0) -> 1 | AT78: =IF(AQ78=1,MIN(U78:V78)-MIN(O78:T78),"na") -> 12 | AU78: =IF(AR78=1,MAX(W78)-MIN(O78:T78),"na") -> 14 | AV78: =IF(AS78=1,+Z78-MIN(O78:T78),"na") -> 19 | AW78: =IF(AE78>0,DATE(1900,MONTH(MIN(O78:T78)),DAY(MIN(O78:T78))),"na") -> 156 | AX78: =IF(AG78>0,DATE(1900,MONTH(MIN(S78:T78)),DAY(MIN(S78:T78))),"na") -> 159 | AY78: =IF(AI78>0,DATE(1900,MONTH(MIN(U78:V78)),DAY(MIN(U78:V78))),"na") -> 168 | AZ78: =IF(AK78>0,DATE(1900,MONTH(MIN(W78)),DAY(MIN(W78))),"na") -> 170 | BA78: =IF(AM78>0,DATE(1900,MONTH(MIN(X78)),DAY(MIN(X78))),"na") -> 171 | BB78: =IF(AO78>0,DATE(1900,MONTH(MIN(Y78)),DAY(MIN(Y78))),"na") -> 173 | BC78: =IF(AP78>0,DATE(1900,MONTH(Z78),DAY(Z78)),"na") -> 175 | BD78: =IF(BD$1-$AW78>$CK$1,1,0) -> 0 | BE78: =IF(BE$1-$AW78>$CK$1,1,0) -> 0 | BF78: =IF(BF$1-$AW78>$CK$1,1,0) -> 0 | BG78: =IF(BG$1-$AW78>$CK$1,1,0) -> 0 | BH78: =IF(BH$1-$AW78>$CK$1,1,0) -> 0 | BI78: =IF(BI$1-$AW78>$CK$1,1,0) -> 0 | BJ78: =IF(BJ$1-$AW78>$CK$1,1,0) -> 0 | BK78: =IF(BK$1-$AW78>$CK$1,1,0) -> 0 | ... BR78: =IF(BR$1-$AW78>$CK$1,1,0) -> 1 | BS78: =IF(AND(BD78=1,$AP78=1),1,0) -> 0 | BT78: =IF(AND(BE78=1,$AP78=1),1,0) -> 0 | BU78: =IF(AND(BF78=1,$AP78=1),1,0) -> 0 | BV78: =IF(AND(BG78=1,$AP78=1),1,0) -> 0 | BW78: =IF(AND(BH78=1,$AP78=1),1,0) -> 0 | BX78: =IF(AND(BI78=1,$AP78=1),1,0) -> 0 | BY78: =IF(AND(BJ78=1,$AP78=1),1,0) -> 0 | BZ78: =IF(AND(BK78=1,$AP78=1),1,0) -> 0 | ... CG78: =IF(AND(BR78=1,$AP78=1),1,0) -> 1
A79: 3DD.003E076C52 | B79: 12H | C79: 2022 | D79: 2024 | E79: McCall Hatchery | F79: SF SALMON | G79: KNOXB - Knox Bridge, SF Salmon River | H79: KNOXB | I79: AI CW | L79: RAL | M79: 6.04 | N79: 2 | Q79: 46182 | R79: 46182 | T79: 46184 | V79: 46188 | W79: 46190 | X79: 46192 | Y79: 46194 | Z79: 46195 | AA79: 2026 | AB79: Adult | AC79: McCall-Integrated | AD79: =IF(COUNT(O79:Z79)>0,1,0) -> 1 | AE79: =IF(COUNT(O79:T79)>0,1,0) -> 1 | AF79: =IF(COUNT(S79:Z79)>0,1,0) -> 1 | AG79: =IF(COUNT(S79:T79)>0,1,0) -> 1 | AH79: =IF(COUNT(U79:Z79)>0,1,0) -> 1 | AI79: =IF(COUNT(U79:V79)>0,1,0) -> 1 | AJ79: =IF(COUNT(W79:Z79)>0,1,0) -> 1 | AK79: =IF(COUNT(W79)>0,1,0) -> 1 | AL79: =IF(COUNT(X79:Z79)>0,1,0) -> 1 | AM79: =IF(COUNT(X79)>0,1,0) -> 1 | AN79: =IF(COUNT(Y79:Z79)>0,1,0) -> 1 | AO79: =IF(COUNT(Y79)>0,1,0) -> 1 | AP79: =IF(COUNT(Z79)>0,1,0) -> 1 | AQ79: =IF(AE79+AI79>1,1,0) -> 1 | AR79: =IF(AE79+AK79>1,1,0) -> 1 | AS79: =IF(AP79+AE79>1,1,0) -> 1 | AT79: =IF(AQ79=1,MIN(U79:V79)-MIN(O79:T79),"na") -> 6 | AU79: =IF(AR79=1,MAX(W79)-MIN(O79:T79),"na") -> 8 | AV79: =IF(AS79=1,+Z79-MIN(O79:T79),"na") -> 13 | AW79: =IF(AE79>0,DATE(1900,MONTH(MIN(O79:T79)),DAY(MIN(O79:T79))),"na") -> 161 | AX79: =IF(AG79>0,DATE(1900,MONTH(MIN(S79:T79)),DAY(MIN(S79:T79))),"na") -> 163 | AY79: =IF(AI79>0,DATE(1900,MONTH(MIN(U79:V79)),DAY(MIN(U79:V79))),"na") -> 167 | AZ79: =IF(AK79>0,DATE(1900,MONTH(MIN(W79)),DAY(MIN(W79))),"na") -> 169 | BA79: =IF(AM79>0,DATE(1900,MONTH(MIN(X79)),DAY(MIN(X79))),"na") -> 171 | BB79: =IF(AO79>0,DATE(1900,MONTH(MIN(Y79)),DAY(MIN(Y79))),"na") -> 173 | BC79: =IF(AP79>0,DATE(1900,MONTH(Z79),DAY(Z79)),"na") -> 174 | BD79: =IF(BD$1-$AW79>$CK$1,1,0) -> 0 | BE79: =IF(BE$1-$AW79>$CK$1,1,0) -> 0 | BF79: =IF(BF$1-$AW79>$CK$1,1,0) -> 0 | BG79: =IF(BG$1-$AW79>$CK$1,1,0) -> 0 | BH79: =IF(BH$1-$AW79>$CK$1,1,0) -> 0 | BI79: =IF(BI$1-$AW79>$CK$1,1,0) -> 0 | BJ79: =IF(BJ$1-$AW79>$CK$1,1,0) -> 0 | BK79: =IF(BK$1-$AW79>$CK$1,1,0) -> 0 | ... BR79: =IF(BR$1-$AW79>$CK$1,1,0) -> 1 | BS79: =IF(AND(BD79=1,$AP79=1),1,0) -> 0 | BT79: =IF(AND(BE79=1,$AP79=1),1,0) -> 0 | BU79: =IF(AND(BF79=1,$AP79=1),1,0) -> 0 | BV79: =IF(AND(BG79=1,$AP79=1),1,0) -> 0 | BW79: =IF(AND(BH79=1,$AP79=1),1,0) -> 0 | BX79: =IF(AND(BI79=1,$AP79=1),1,0) -> 0 | BY79: =IF(AND(BJ79=1,$AP79=1),1,0) -> 0 | BZ79: =IF(AND(BK79=1,$AP79=1),1,0) -> 0 | ... CG79: =IF(AND(BR79=1,$AP79=1),1,0) -> 1
A80: 3DD.003E076F68 | B80: 12H | C80: 2022 | D80: 2024 | E80: McCall Hatchery | F80: SF SALMON | G80: KNOXB - Knox Bridge, SF Salmon River | H80: KNOXB | I80: AD | L80: RAL | M80: 44.42 | N80: 2 | O80: 46179 | AA80: 2026 | AB80: Adult | AC80: McCall-Segregated | AD80: =IF(COUNT(O80:Z80)>0,1,0) -> 1 | AE80: =IF(COUNT(O80:T80)>0,1,0) -> 1 | AF80: =IF(COUNT(S80:Z80)>0,1,0) -> 0 | AG80: =IF(COUNT(S80:T80)>0,1,0) -> 0 | AH80: =IF(COUNT(U80:Z80)>0,1,0) -> 0 | AI80: =IF(COUNT(U80:V80)>0,1,0) -> 0 | AJ80: =IF(COUNT(W80:Z80)>0,1,0) -> 0 | AK80: =IF(COUNT(W80)>0,1,0) -> 0 | AL80: =IF(COUNT(X80:Z80)>0,1,0) -> 0 | AM80: =IF(COUNT(X80)>0,1,0) -> 0 | AN80: =IF(COUNT(Y80:Z80)>0,1,0) -> 0 | AO80: =IF(COUNT(Y80)>0,1,0) -> 0 | AP80: =IF(COUNT(Z80)>0,1,0) -> 0 | AQ80: =IF(AE80+AI80>1,1,0) -> 0 | AR80: =IF(AE80+AK80>1,1,0) -> 0 | AS80: =IF(AP80+AE80>1,1,0) -> 0 | AT80: =IF(AQ80=1,MIN(U80:V80)-MIN(O80:T80),"na") -> na | AU80: =IF(AR80=1,MAX(W80)-MIN(O80:T80),"na") -> na | AV80: =IF(AS80=1,+Z80-MIN(O80:T80),"na") -> na | AW80: =IF(AE80>0,DATE(1900,MONTH(MIN(O80:T80)),DAY(MIN(O80:T80))),"na") -> 158 | AX80: =IF(AG80>0,DATE(1900,MONTH(MIN(S80:T80)),DAY(MIN(S80:T80))),"na") -> na | AY80: =IF(AI80>0,DATE(1900,MONTH(MIN(U80:V80)),DAY(MIN(U80:V80))),"na") -> na | AZ80: =IF(AK80>0,DATE(1900,MONTH(MIN(W80)),DAY(MIN(W80))),"na") -> na | BA80: =IF(AM80>0,DATE(1900,MONTH(MIN(X80)),DAY(MIN(X80))),"na") -> na | BB80: =IF(AO80>0,DATE(1900,MONTH(MIN(Y80)),DAY(MIN(Y80))),"na") -> na | BC80: =IF(AP80>0,DATE(1900,MONTH(Z80),DAY(Z80)),"na") -> na | BD80: =IF(BD$1-$AW80>$CK$1,1,0) -> 0 | BE80: =IF(BE$1-$AW80>$CK$1,1,0) -> 0 | BF80: =IF(BF$1-$AW80>$CK$1,1,0) -> 0 | BG80: =IF(BG$1-$AW80>$CK$1,1,0) -> 0 | BH80: =IF(BH$1-$AW80>$CK$1,1,0) -> 0 | BI80: =IF(BI$1-$AW80>$CK$1,1,0) -> 0 | BJ80: =IF(BJ$1-$AW80>$CK$1,1,0) -> 0 | BK80: =IF(BK$1-$AW80>$CK$1,1,0) -> 0 | ... BR80: =IF(BR$1-$AW80>$CK$1,1,0) -> 1 | BS80: =IF(AND(BD80=1,$AP80=1),1,0) -> 0 | BT80: =IF(AND(BE80=1,$AP80=1),1,0) -> 0 | BU80: =IF(AND(BF80=1,$AP80=1),1,0) -> 0 | BV80: =IF(AND(BG80=1,$AP80=1),1,0) -> 0 | BW80: =IF(AND(BH80=1,$AP80=1),1,0) -> 0 | BX80: =IF(AND(BI80=1,$AP80=1),1,0) -> 0 | BY80: =IF(AND(BJ80=1,$AP80=1),1,0) -> 0 | BZ80: =IF(AND(BK80=1,$AP80=1),1,0) -> 0 | ... CG80: =IF(AND(BR80=1,$AP80=1),1,0) -> 0
A81: 3DD.003E075B2D | B81: 11H | C81: 2022 | D81: 2024 | E81: Sawtooth Hatchery | F81: SALMON R | G81: SAWT - Sawtooth Hatchery | H81: SAWT | I81: AD | L81: RAL | M81: 112.02 | N81: 2 | O81: 46177 | T81: 46181 | U81: 46194 | W81: 46196 | X81: 46197 | Y81: 46198 | Z81: 46199 | AA81: 2026 | AB81: Adult | AC81: Sawtooth-Segregated | AD81: =IF(COUNT(O81:Z81)>0,1,0) -> 1 | AE81: =IF(COUNT(O81:T81)>0,1,0) -> 1 | AF81: =IF(COUNT(S81:Z81)>0,1,0) -> 1 | AG81: =IF(COUNT(S81:T81)>0,1,0) -> 1 | AH81: =IF(COUNT(U81:Z81)>0,1,0) -> 1 | AI81: =IF(COUNT(U81:V81)>0,1,0) -> 1 | AJ81: =IF(COUNT(W81:Z81)>0,1,0) -> 1 | AK81: =IF(COUNT(W81)>0,1,0) -> 1 | AL81: =IF(COUNT(X81:Z81)>0,1,0) -> 1 | AM81: =IF(COUNT(X81)>0,1,0) -> 1 | AN81: =IF(COUNT(Y81:Z81)>0,1,0) -> 1 | AO81: =IF(COUNT(Y81)>0,1,0) -> 1 | AP81: =IF(COUNT(Z81)>0,1,0) -> 1 | AQ81: =IF(AE81+AI81>1,1,0) -> 1 | AR81: =IF(AE81+AK81>1,1,0) -> 1 | AS81: =IF(AP81+AE81>1,1,0) -> 1 | AT81: =IF(AQ81=1,MIN(U81:V81)-MIN(O81:T81),"na") -> 17 | AU81: =IF(AR81=1,MAX(W81)-MIN(O81:T81),"na") -> 19 | AV81: =IF(AS81=1,+Z81-MIN(O81:T81),"na") -> 22 | AW81: =IF(AE81>0,DATE(1900,MONTH(MIN(O81:T81)),DAY(MIN(O81:T81))),"na") -> 156 | AX81: =IF(AG81>0,DATE(1900,MONTH(MIN(S81:T81)),DAY(MIN(S81:T81))),"na") -> 160 | AY81: =IF(AI81>0,DATE(1900,MONTH(MIN(U81:V81)),DAY(MIN(U81:V81))),"na") -> 173 | AZ81: =IF(AK81>0,DATE(1900,MONTH(MIN(W81)),DAY(MIN(W81))),"na") -> 175 | BA81: =IF(AM81>0,DATE(1900,MONTH(MIN(X81)),DAY(MIN(X81))),"na") -> 176 | BB81: =IF(AO81>0,DATE(1900,MONTH(MIN(Y81)),DAY(MIN(Y81))),"na") -> 177 | BC81: =IF(AP81>0,DATE(1900,MONTH(Z81),DAY(Z81)),"na") -> 178 | BD81: =IF(BD$1-$AW81>$CK$1,1,0) -> 0 | BE81: =IF(BE$1-$AW81>$CK$1,1,0) -> 0 | BF81: =IF(BF$1-$AW81>$CK$1,1,0) -> 0 | BG81: =IF(BG$1-$AW81>$CK$1,1,0) -> 0 | BH81: =IF(BH$1-$AW81>$CK$1,1,0) -> 0 | BI81: =IF(BI$1-$AW81>$CK$1,1,0) -> 0 | BJ81: =IF(BJ$1-$AW81>$CK$1,1,0) -> 0 | BK81: =IF(BK$1-$AW81>$CK$1,1,0) -> 0 | ... BR81: =IF(BR$1-$AW81>$CK$1,1,0) -> 1 | BS81: =IF(AND(BD81=1,$AP81=1),1,0) -> 0 | BT81: =IF(AND(BE81=1,$AP81=1),1,0) -> 0 | BU81: =IF(AND(BF81=1,$AP81=1),1,0) -> 0 | BV81: =IF(AND(BG81=1,$AP81=1),1,0) -> 0 | BW81: =IF(AND(BH81=1,$AP81=1),1,0) -> 0 | BX81: =IF(AND(BI81=1,$AP81=1),1,0) -> 0 | BY81: =IF(AND(BJ81=1,$AP81=1),1,0) -> 0 | BZ81: =IF(AND(BK81=1,$AP81=1),1,0) -> 0 | ... CG81: =IF(AND(BR81=1,$AP81=1),1,0) -> 1
A82: 3DD.003E077157 | B82: 12H | C82: 2022 | D82: 2024 | E82: McCall Hatchery | F82: SF SALMON | G82: KNOXB - Knox Bridge, SF Salmon River | H82: KNOXB | I82: AD | L82: RAL | M82: 44.42 | N82: 2 | P82: 46173 | R82: 46173 | S82: 46176 | V82: 46179 | W82: 46182 | X82: 46183 | Y82: 46184 | Z82: 46185 | AA82: 2026 | AB82: Adult | AC82: McCall-Segregated | AD82: =IF(COUNT(O82:Z82)>0,1,0) -> 1 | AE82: =IF(COUNT(O82:T82)>0,1,0) -> 1 | AF82: =IF(COUNT(S82:Z82)>0,1,0) -> 1 | AG82: =IF(COUNT(S82:T82)>0,1,0) -> 1 | AH82: =IF(COUNT(U82:Z82)>0,1,0) -> 1 | AI82: =IF(COUNT(U82:V82)>0,1,0) -> 1 | AJ82: =IF(COUNT(W82:Z82)>0,1,0) -> 1 | AK82: =IF(COUNT(W82)>0,1,0) -> 1 | AL82: =IF(COUNT(X82:Z82)>0,1,0) -> 1 | AM82: =IF(COUNT(X82)>0,1,0) -> 1 | AN82: =IF(COUNT(Y82:Z82)>0,1,0) -> 1 | AO82: =IF(COUNT(Y82)>0,1,0) -> 1 | AP82: =IF(COUNT(Z82)>0,1,0) -> 1 | AQ82: =IF(AE82+AI82>1,1,0) -> 1 | AR82: =IF(AE82+AK82>1,1,0) -> 1 | AS82: =IF(AP82+AE82>1,1,0) -> 1 | AT82: =IF(AQ82=1,MIN(U82:V82)-MIN(O82:T82),"na") -> 6 | AU82: =IF(AR82=1,MAX(W82)-MIN(O82:T82),"na") -> 9 | AV82: =IF(AS82=1,+Z82-MIN(O82:T82),"na") -> 12 | AW82: =IF(AE82>0,DATE(1900,MONTH(MIN(O82:T82)),DAY(MIN(O82:T82))),"na") -> 152 | AX82: =IF(AG82>0,DATE(1900,MONTH(MIN(S82:T82)),DAY(MIN(S82:T82))),"na") -> 155 | AY82: =IF(AI82>0,DATE(1900,MONTH(MIN(U82:V82)),DAY(MIN(U82:V82))),"na") -> 158 | AZ82: =IF(AK82>0,DATE(1900,MONTH(MIN(W82)),DAY(MIN(W82))),"na") -> 161 | BA82: =IF(AM82>0,DATE(1900,MONTH(MIN(X82)),DAY(MIN(X82))),"na") -> 162 | BB82: =IF(AO82>0,DATE(1900,MONTH(MIN(Y82)),DAY(MIN(Y82))),"na") -> 163 | BC82: =IF(AP82>0,DATE(1900,MONTH(Z82),DAY(Z82)),"na") -> 164 | BD82: =IF(BD$1-$AW82>$CK$1,1,0) -> 0 | BE82: =IF(BE$1-$AW82>$CK$1,1,0) -> 0 | BF82: =IF(BF$1-$AW82>$CK$1,1,0) -> 0 | BG82: =IF(BG$1-$AW82>$CK$1,1,0) -> 0 | BH82: =IF(BH$1-$AW82>$CK$1,1,0) -> 0 | BI82: =IF(BI$1-$AW82>$CK$1,1,0) -> 0 | BJ82: =IF(BJ$1-$AW82>$CK$1,1,0) -> 0 | BK82: =IF(BK$1-$AW82>$CK$1,1,0) -> 0 | ... BR82: =IF(BR$1-$AW82>$CK$1,1,0) -> 1 | BS82: =IF(AND(BD82=1,$AP82=1),1,0) -> 0 | BT82: =IF(AND(BE82=1,$AP82=1),1,0) -> 0 | BU82: =IF(AND(BF82=1,$AP82=1),1,0) -> 0 | BV82: =IF(AND(BG82=1,$AP82=1),1,0) -> 0 | BW82: =IF(AND(BH82=1,$AP82=1),1,0) -> 0 | BX82: =IF(AND(BI82=1,$AP82=1),1,0) -> 0 | BY82: =IF(AND(BJ82=1,$AP82=1),1,0) -> 0 | BZ82: =IF(AND(BK82=1,$AP82=1),1,0) -> 0 | ... CG82: =IF(AND(BR82=1,$AP82=1),1,0) -> 1
A83: 3DD.003E0771EB | B83: 12H | C83: 2022 | D83: 2024 | E83: McCall Hatchery | F83: SF SALMON | G83: KNOXB - Knox Bridge, SF Salmon River | H83: KNOXB | I83: AD | L83: RTR | M83: 1 | N83: 2 | Q83: 46147 | R83: 46148 | S83: 46149 | U83: 46154 | W83: 46155 | X83: 46158 | Y83: 46160 | Z83: 46161 | AA83: 2026 | AB83: Adult | AC83: McCall-Segregated | AD83: =IF(COUNT(O83:Z83)>0,1,0) -> 1 | AE83: =IF(COUNT(O83:T83)>0,1,0) -> 1 | AF83: =IF(COUNT(S83:Z83)>0,1,0) -> 1 | AG83: =IF(COUNT(S83:T83)>0,1,0) -> 1 | AH83: =IF(COUNT(U83:Z83)>0,1,0) -> 1 | AI83: =IF(COUNT(U83:V83)>0,1,0) -> 1 | AJ83: =IF(COUNT(W83:Z83)>0,1,0) -> 1 | AK83: =IF(COUNT(W83)>0,1,0) -> 1 | AL83: =IF(COUNT(X83:Z83)>0,1,0) -> 1 | AM83: =IF(COUNT(X83)>0,1,0) -> 1 | AN83: =IF(COUNT(Y83:Z83)>0,1,0) -> 1 | AO83: =IF(COUNT(Y83)>0,1,0) -> 1 | AP83: =IF(COUNT(Z83)>0,1,0) -> 1 | AQ83: =IF(AE83+AI83>1,1,0) -> 1 | AR83: =IF(AE83+AK83>1,1,0) -> 1 | AS83: =IF(AP83+AE83>1,1,0) -> 1 | AT83: =IF(AQ83=1,MIN(U83:V83)-MIN(O83:T83),"na") -> 7 | AU83: =IF(AR83=1,MAX(W83)-MIN(O83:T83),"na") -> 8 | AV83: =IF(AS83=1,+Z83-MIN(O83:T83),"na") -> 14 | AW83: =IF(AE83>0,DATE(1900,MONTH(MIN(O83:T83)),DAY(MIN(O83:T83))),"na") -> 126 | AX83: =IF(AG83>0,DATE(1900,MONTH(MIN(S83:T83)),DAY(MIN(S83:T83))),"na") -> 128 | AY83: =IF(AI83>0,DATE(1900,MONTH(MIN(U83:V83)),DAY(MIN(U83:V83))),"na") -> 133 | AZ83: =IF(AK83>0,DATE(1900,MONTH(MIN(W83)),DAY(MIN(W83))),"na") -> 134 | BA83: =IF(AM83>0,DATE(1900,MONTH(MIN(X83)),DAY(MIN(X83))),"na") -> 137 | BB83: =IF(AO83>0,DATE(1900,MONTH(MIN(Y83)),DAY(MIN(Y83))),"na") -> 139 | BC83: =IF(AP83>0,DATE(1900,MONTH(Z83),DAY(Z83)),"na") -> 140 | BD83: =IF(BD$1-$AW83>$CK$1,1,0) -> 0 | BE83: =IF(BE$1-$AW83>$CK$1,1,0) -> 0 | BF83: =IF(BF$1-$AW83>$CK$1,1,0) -> 0 | BG83: =IF(BG$1-$AW83>$CK$1,1,0) -> 0 | BH83: =IF(BH$1-$AW83>$CK$1,1,0) -> 0 | BI83: =IF(BI$1-$AW83>$CK$1,1,0) -> 0 | BJ83: =IF(BJ$1-$AW83>$CK$1,1,0) -> 0 | BK83: =IF(BK$1-$AW83>$CK$1,1,0) -> 0 | ... BR83: =IF(BR$1-$AW83>$CK$1,1,0) -> 1 | BS83: =IF(AND(BD83=1,$AP83=1),1,0) -> 0 | BT83: =IF(AND(BE83=1,$AP83=1),1,0) -> 0 | BU83: =IF(AND(BF83=1,$AP83=1),1,0) -> 0 | BV83: =IF(AND(BG83=1,$AP83=1),1,0) -> 0 | BW83: =IF(AND(BH83=1,$AP83=1),1,0) -> 0 | BX83: =IF(AND(BI83=1,$AP83=1),1,0) -> 0 | BY83: =IF(AND(BJ83=1,$AP83=1),1,0) -> 0 | BZ83: =IF(AND(BK83=1,$AP83=1),1,0) -> 0 | ... CG83: =IF(AND(BR83=1,$AP83=1),1,0) -> 1
A84: 3DD.003E077335 | B84: 12H | C84: 2022 | D84: 2024 | E84: McCall Hatchery | F84: SF SALMON | G84: KNOXB - Knox Bridge, SF Salmon River | H84: KNOXB | I84: AD | L84: RAL | M84: 44.42 | N84: 2 | Q84: 46186 | R84: 46186 | S84: 46188 | U84: 46192 | W84: 46195 | X84: 46196 | AA84: 2026 | AB84: Adult | AC84: McCall-Segregated | AD84: =IF(COUNT(O84:Z84)>0,1,0) -> 1 | AE84: =IF(COUNT(O84:T84)>0,1,0) -> 1 | AF84: =IF(COUNT(S84:Z84)>0,1,0) -> 1 | AG84: =IF(COUNT(S84:T84)>0,1,0) -> 1 | AH84: =IF(COUNT(U84:Z84)>0,1,0) -> 1 | AI84: =IF(COUNT(U84:V84)>0,1,0) -> 1 | AJ84: =IF(COUNT(W84:Z84)>0,1,0) -> 1 | AK84: =IF(COUNT(W84)>0,1,0) -> 1 | AL84: =IF(COUNT(X84:Z84)>0,1,0) -> 1 | AM84: =IF(COUNT(X84)>0,1,0) -> 1 | AN84: =IF(COUNT(Y84:Z84)>0,1,0) -> 0 | AO84: =IF(COUNT(Y84)>0,1,0) -> 0 | AP84: =IF(COUNT(Z84)>0,1,0) -> 0 | AQ84: =IF(AE84+AI84>1,1,0) -> 1 | AR84: =IF(AE84+AK84>1,1,0) -> 1 | AS84: =IF(AP84+AE84>1,1,0) -> 0 | AT84: =IF(AQ84=1,MIN(U84:V84)-MIN(O84:T84),"na") -> 6 | AU84: =IF(AR84=1,MAX(W84)-MIN(O84:T84),"na") -> 9 | AV84: =IF(AS84=1,+Z84-MIN(O84:T84),"na") -> na | AW84: =IF(AE84>0,DATE(1900,MONTH(MIN(O84:T84)),DAY(MIN(O84:T84))),"na") -> 165 | AX84: =IF(AG84>0,DATE(1900,MONTH(MIN(S84:T84)),DAY(MIN(S84:T84))),"na") -> 167 | AY84: =IF(AI84>0,DATE(1900,MONTH(MIN(U84:V84)),DAY(MIN(U84:V84))),"na") -> 171 | AZ84: =IF(AK84>0,DATE(1900,MONTH(MIN(W84)),DAY(MIN(W84))),"na") -> 174 | BA84: =IF(AM84>0,DATE(1900,MONTH(MIN(X84)),DAY(MIN(X84))),"na") -> 175 | BB84: =IF(AO84>0,DATE(1900,MONTH(MIN(Y84)),DAY(MIN(Y84))),"na") -> na | BC84: =IF(AP84>0,DATE(1900,MONTH(Z84),DAY(Z84)),"na") -> na | BD84: =IF(BD$1-$AW84>$CK$1,1,0) -> 0 | BE84: =IF(BE$1-$AW84>$CK$1,1,0) -> 0 | BF84: =IF(BF$1-$AW84>$CK$1,1,0) -> 0 | BG84: =IF(BG$1-$AW84>$CK$1,1,0) -> 0 | BH84: =IF(BH$1-$AW84>$CK$1,1,0) -> 0 | BI84: =IF(BI$1-$AW84>$CK$1,1,0) -> 0 | BJ84: =IF(BJ$1-$AW84>$CK$1,1,0) -> 0 | BK84: =IF(BK$1-$AW84>$CK$1,1,0) -> 0 | ... BR84: =IF(BR$1-$AW84>$CK$1,1,0) -> 1 | BS84: =IF(AND(BD84=1,$AP84=1),1,0) -> 0 | BT84: =IF(AND(BE84=1,$AP84=1),1,0) -> 0 | BU84: =IF(AND(BF84=1,$AP84=1),1,0) -> 0 | BV84: =IF(AND(BG84=1,$AP84=1),1,0) -> 0 | BW84: =IF(AND(BH84=1,$AP84=1),1,0) -> 0 | BX84: =IF(AND(BI84=1,$AP84=1),1,0) -> 0 | BY84: =IF(AND(BJ84=1,$AP84=1),1,0) -> 0 | BZ84: =IF(AND(BK84=1,$AP84=1),1,0) -> 0 | ... CG84: =IF(AND(BR84=1,$AP84=1),1,0) -> 0
A85: 3DD.003E077515 | B85: 12H | C85: 2022 | D85: 2024 | E85: McCall Hatchery | F85: SF SALMON | G85: KNOXB - Knox Bridge, SF Salmon River | H85: KNOXB | I85: AD | L85: RTR | M85: 1 | N85: 2 | O85: 46189 | AA85: 2026 | AB85: Adult | AC85: McCall-Segregated | AD85: =IF(COUNT(O85:Z85)>0,1,0) -> 1 | AE85: =IF(COUNT(O85:T85)>0,1,0) -> 1 | AF85: =IF(COUNT(S85:Z85)>0,1,0) -> 0 | AG85: =IF(COUNT(S85:T85)>0,1,0) -> 0 | AH85: =IF(COUNT(U85:Z85)>0,1,0) -> 0 | AI85: =IF(COUNT(U85:V85)>0,1,0) -> 0 | AJ85: =IF(COUNT(W85:Z85)>0,1,0) -> 0 | AK85: =IF(COUNT(W85)>0,1,0) -> 0 | AL85: =IF(COUNT(X85:Z85)>0,1,0) -> 0 | AM85: =IF(COUNT(X85)>0,1,0) -> 0 | AN85: =IF(COUNT(Y85:Z85)>0,1,0) -> 0 | AO85: =IF(COUNT(Y85)>0,1,0) -> 0 | AP85: =IF(COUNT(Z85)>0,1,0) -> 0 | AQ85: =IF(AE85+AI85>1,1,0) -> 0 | AR85: =IF(AE85+AK85>1,1,0) -> 0 | AS85: =IF(AP85+AE85>1,1,0) -> 0 | AT85: =IF(AQ85=1,MIN(U85:V85)-MIN(O85:T85),"na") -> na | AU85: =IF(AR85=1,MAX(W85)-MIN(O85:T85),"na") -> na | AV85: =IF(AS85=1,+Z85-MIN(O85:T85),"na") -> na | AW85: =IF(AE85>0,DATE(1900,MONTH(MIN(O85:T85)),DAY(MIN(O85:T85))),"na") -> 168 | AX85: =IF(AG85>0,DATE(1900,MONTH(MIN(S85:T85)),DAY(MIN(S85:T85))),"na") -> na | AY85: =IF(AI85>0,DATE(1900,MONTH(MIN(U85:V85)),DAY(MIN(U85:V85))),"na") -> na | AZ85: =IF(AK85>0,DATE(1900,MONTH(MIN(W85)),DAY(MIN(W85))),"na") -> na | BA85: =IF(AM85>0,DATE(1900,MONTH(MIN(X85)),DAY(MIN(X85))),"na") -> na | BB85: =IF(AO85>0,DATE(1900,MONTH(MIN(Y85)),DAY(MIN(Y85))),"na") -> na | BC85: =IF(AP85>0,DATE(1900,MONTH(Z85),DAY(Z85)),"na") -> na | BD85: =IF(BD$1-$AW85>$CK$1,1,0) -> 0 | BE85: =IF(BE$1-$AW85>$CK$1,1,0) -> 0 | BF85: =IF(BF$1-$AW85>$CK$1,1,0) -> 0 | BG85: =IF(BG$1-$AW85>$CK$1,1,0) -> 0 | BH85: =IF(BH$1-$AW85>$CK$1,1,0) -> 0 | BI85: =IF(BI$1-$AW85>$CK$1,1,0) -> 0 | BJ85: =IF(BJ$1-$AW85>$CK$1,1,0) -> 0 | BK85: =IF(BK$1-$AW85>$CK$1,1,0) -> 0 | ... BR85: =IF(BR$1-$AW85>$CK$1,1,0) -> 1 | BS85: =IF(AND(BD85=1,$AP85=1),1,0) -> 0 | BT85: =IF(AND(BE85=1,$AP85=1),1,0) -> 0 | BU85: =IF(AND(BF85=1,$AP85=1),1,0) -> 0 | BV85: =IF(AND(BG85=1,$AP85=1),1,0) -> 0 | BW85: =IF(AND(BH85=1,$AP85=1),1,0) -> 0 | BX85: =IF(AND(BI85=1,$AP85=1),1,0) -> 0 | BY85: =IF(AND(BJ85=1,$AP85=1),1,0) -> 0 | BZ85: =IF(AND(BK85=1,$AP85=1),1,0) -> 0 | ... CG85: =IF(AND(BR85=1,$AP85=1),1,0) -> 0
A86: 3DD.003E0777F4 | B86: 12H | C86: 2022 | D86: 2024 | E86: McCall Hatchery | F86: SF SALMON | G86: KNOXB - Knox Bridge, SF Salmon River | H86: KNOXB | I86: AD | L86: RAL | M86: 44.42 | N86: 2 | O86: 46171 | S86: 46173 | U86: 46178 | W86: 46180 | X86: 46181 | Y86: 46183 | Z86: 46184 | AA86: 2026 | AB86: Adult | AC86: McCall-Segregated | AD86: =IF(COUNT(O86:Z86)>0,1,0) -> 1 | AE86: =IF(COUNT(O86:T86)>0,1,0) -> 1 | AF86: =IF(COUNT(S86:Z86)>0,1,0) -> 1 | AG86: =IF(COUNT(S86:T86)>0,1,0) -> 1 | AH86: =IF(COUNT(U86:Z86)>0,1,0) -> 1 | AI86: =IF(COUNT(U86:V86)>0,1,0) -> 1 | AJ86: =IF(COUNT(W86:Z86)>0,1,0) -> 1 | AK86: =IF(COUNT(W86)>0,1,0) -> 1 | AL86: =IF(COUNT(X86:Z86)>0,1,0) -> 1 | AM86: =IF(COUNT(X86)>0,1,0) -> 1 | AN86: =IF(COUNT(Y86:Z86)>0,1,0) -> 1 | AO86: =IF(COUNT(Y86)>0,1,0) -> 1 | AP86: =IF(COUNT(Z86)>0,1,0) -> 1 | AQ86: =IF(AE86+AI86>1,1,0) -> 1 | AR86: =IF(AE86+AK86>1,1,0) -> 1 | AS86: =IF(AP86+AE86>1,1,0) -> 1 | AT86: =IF(AQ86=1,MIN(U86:V86)-MIN(O86:T86),"na") -> 7 | AU86: =IF(AR86=1,MAX(W86)-MIN(O86:T86),"na") -> 9 | AV86: =IF(AS86=1,+Z86-MIN(O86:T86),"na") -> 13 | AW86: =IF(AE86>0,DATE(1900,MONTH(MIN(O86:T86)),DAY(MIN(O86:T86))),"na") -> 150 | AX86: =IF(AG86>0,DATE(1900,MONTH(MIN(S86:T86)),DAY(MIN(S86:T86))),"na") -> 152 | AY86: =IF(AI86>0,DATE(1900,MONTH(MIN(U86:V86)),DAY(MIN(U86:V86))),"na") -> 157 | AZ86: =IF(AK86>0,DATE(1900,MONTH(MIN(W86)),DAY(MIN(W86))),"na") -> 159 | BA86: =IF(AM86>0,DATE(1900,MONTH(MIN(X86)),DAY(MIN(X86))),"na") -> 160 | BB86: =IF(AO86>0,DATE(1900,MONTH(MIN(Y86)),DAY(MIN(Y86))),"na") -> 162 | BC86: =IF(AP86>0,DATE(1900,MONTH(Z86),DAY(Z86)),"na") -> 163 | BD86: =IF(BD$1-$AW86>$CK$1,1,0) -> 0 | BE86: =IF(BE$1-$AW86>$CK$1,1,0) -> 0 | BF86: =IF(BF$1-$AW86>$CK$1,1,0) -> 0 | BG86: =IF(BG$1-$AW86>$CK$1,1,0) -> 0 | BH86: =IF(BH$1-$AW86>$CK$1,1,0) -> 0 | BI86: =IF(BI$1-$AW86>$CK$1,1,0) -> 0 | BJ86: =IF(BJ$1-$AW86>$CK$1,1,0) -> 0 | BK86: =IF(BK$1-$AW86>$CK$1,1,0) -> 0 | ... BR86: =IF(BR$1-$AW86>$CK$1,1,0) -> 1 | BS86: =IF(AND(BD86=1,$AP86=1),1,0) -> 0 | BT86: =IF(AND(BE86=1,$AP86=1),1,0) -> 0 | BU86: =IF(AND(BF86=1,$AP86=1),1,0) -> 0 | BV86: =IF(AND(BG86=1,$AP86=1),1,0) -> 0 | BW86: =IF(AND(BH86=1,$AP86=1),1,0) -> 0 | BX86: =IF(AND(BI86=1,$AP86=1),1,0) -> 0 | BY86: =IF(AND(BJ86=1,$AP86=1),1,0) -> 0 | BZ86: =IF(AND(BK86=1,$AP86=1),1,0) -> 0 | ... CG86: =IF(AND(BR86=1,$AP86=1),1,0) -> 1
